solver,step,grid,cell,x,r
of_gamg,0,0,0,0.000000000000e+00,2.000000000000e+00
of_gamg,0,0,1,0.000000000000e+00,0.000000000000e+00
of_gamg,0,0,2,0.000000000000e+00,0.000000000000e+00
of_gamg,0,0,3,0.000000000000e+00,0.000000000000e+00
of_gamg,0,0,4,0.000000000000e+00,2.000000000000e+00
of_gamg,0,0,5,0.000000000000e+00,-0.000000000000e+00
of_gamg,0,0,6,0.000000000000e+00,-0.000000000000e+00
of_gamg,0,0,7,0.000000000000e+00,0.000000000000e+00
of_gamg,0,0,8,0.000000000000e+00,2.000000000000e+00
of_gamg,0,0,9,0.000000000000e+00,-0.000000000000e+00
of_gamg,0,0,10,0.000000000000e+00,-0.000000000000e+00
of_gamg,0,0,11,0.000000000000e+00,0.000000000000e+00
of_gamg,0,0,12,0.000000000000e+00,2.000000000000e+00
of_gamg,0,0,13,0.000000000000e+00,-0.000000000000e+00
of_gamg,0,0,14,0.000000000000e+00,-0.000000000000e+00
of_gamg,0,0,15,0.000000000000e+00,0.000000000000e+00
of_gamg,0,0,16,0.000000000000e+00,3.000000000000e+00
of_gamg,0,0,17,0.000000000000e+00,1.000000000000e+00
of_gamg,0,0,18,0.000000000000e+00,1.000000000000e+00
of_gamg,0,0,19,0.000000000000e+00,1.000000000000e+00
of_gamg,1,1,0,0.000000000000e+00,4.000000000000e+00
of_gamg,1,1,1,0.000000000000e+00,0.000000000000e+00
of_gamg,1,1,2,0.000000000000e+00,0.000000000000e+00
of_gamg,1,1,3,0.000000000000e+00,0.000000000000e+00
of_gamg,1,1,4,0.000000000000e+00,4.000000000000e+00
of_gamg,1,1,5,0.000000000000e+00,0.000000000000e+00
of_gamg,1,1,6,0.000000000000e+00,0.000000000000e+00
of_gamg,1,1,7,0.000000000000e+00,0.000000000000e+00
of_gamg,1,1,8,0.000000000000e+00,4.000000000000e+00
of_gamg,1,1,9,0.000000000000e+00,2.000000000000e+00
of_gamg,2,2,0,0.000000000000e+00,4.000000000000e+00
of_gamg,2,2,1,0.000000000000e+00,0.000000000000e+00
of_gamg,2,2,2,0.000000000000e+00,8.000000000000e+00
of_gamg,2,2,3,0.000000000000e+00,2.000000000000e+00
of_gamg,3,2,0,6.582268370607e-01,-1.776356839400e-15
of_gamg,3,2,1,1.952875399361e-01,-2.220446049250e-16
of_gamg,3,2,2,7.360223642173e-01,3.552713678801e-15
of_gamg,3,2,3,4.074281150160e-01,-4.440892098501e-16
of_gamg,4,1,0,8.646394340484e-01,1.028154952077e-01
of_gamg,4,1,1,6.582268370607e-01,-1.025475429789e-01
of_gamg,4,1,2,4.228913738019e-01,9.603681728282e-02
of_gamg,4,1,3,2.159630305796e-01,-4.887619808307e-01
of_gamg,4,1,4,8.388378594249e-01,2.561742481870e-02
of_gamg,4,1,5,6.135250266241e-01,2.236111111111e-01
of_gamg,4,1,6,4.621139510117e-01,-3.973784167554e-01
of_gamg,4,1,7,1.771964856230e-01,9.358993863786e-02
of_gamg,4,1,8,6.446308129215e-01,2.165646077387e-02
of_gamg,4,1,9,3.709708910188e-01,-5.479676961306e-02
of_gamg,5,1,0,8.793273619352e-01,-2.423050579390e-02
of_gamg,5,1,1,6.435924996197e-01,6.321610893470e-02
of_gamg,5,1,2,4.362450022821e-01,-1.838501494459e-01
of_gamg,5,1,3,1.499552128839e-01,-9.510863395841e-03
of_gamg,5,1,4,8.438760285131e-01,8.004031304175e-02
of_gamg,5,1,5,6.500338785985e-01,-9.664641901588e-02
of_gamg,5,1,6,4.102794369573e-01,-3.114611989950e-02
of_gamg,5,1,7,1.676856222272e-01,-1.212439310782e-02
of_gamg,5,1,8,6.516534220145e-01,-1.212439310782e-02
of_gamg,5,1,9,3.588464979110e-01,0.000000000000e+00
of_gamg,6,1,0,8.758658611075e-01,3.208959443848e-02
of_gamg,6,1,1,6.548511210755e-01,-7.557367836477e-02
of_gamg,6,1,2,4.039784209752e-01,-3.540439145414e-02
of_gamg,6,1,3,1.393774948825e-01,-6.400002751502e-03
of_gamg,6,1,4,8.534483800399e-01,-2.359131565018e-02
of_gamg,6,1,5,6.389933628474e-01,-3.000819505085e-02
of_gamg,6,1,6,3.960304815059e-01,-1.526214354200e-02
of_gamg,6,1,7,1.612856194757e-01,-2.462138038993e-03
of_gamg,6,1,8,6.501431378665e-01,-2.462138038993e-03
of_gamg,6,1,9,3.563843598720e-01,0.000000000000e+00
of_gamg,7,0,0,8.795653928099e-01,-5.657536332010e-03
of_gamg,7,0,1,6.396509428499e-01,-5.048339275114e-03
of_gamg,7,0,2,3.961524174051e-01,-1.875633866506e-02
of_gamg,7,0,3,1.347336601336e-01,-3.000646645911e-03
of_gamg,7,0,4,8.729530920577e-01,2.279395883999e-02
of_gamg,7,0,5,6.381866790595e-01,-1.416927614591e-02
of_gamg,7,0,6,3.953163105669e-01,-1.032797508652e-02
of_gamg,7,0,7,1.397815764832e-01,-3.065298868408e-02
of_gamg,7,0,8,8.698073472592e-01,-2.039640682712e-02
of_gamg,7,0,9,6.306570946176e-01,1.167191808596e-02
of_gamg,7,0,10,3.968165942331e-01,-3.807315179775e-02
of_gamg,7,0,11,1.382049230316e-01,2.682669555523e-02
of_gamg,7,0,12,8.250301427934e-01,1.227057803435e-01
of_gamg,7,0,13,6.294896760047e-01,-1.508303110956e-01
of_gamg,7,0,14,3.850148969185e-01,1.457289016277e-01
of_gamg,7,0,15,1.812531399971e-01,-1.308029283799e-01
of_gamg,7,0,16,7.485594710464e-01,-1.399004248912e-01
of_gamg,7,0,17,5.264262585939e-01,2.241469331483e-01
of_gamg,7,0,18,4.782290790666e-01,-2.274612881652e-01
of_gamg,7,0,19,2.522429516556e-01,1.460245091303e-01
of_gamg,8,0,0,8.781510087269e-01,2.121673832024e-03
of_gamg,8,0,1,6.374967017305e-01,-9.982093839948e-03
of_gamg,8,0,2,3.891822241436e-01,-7.570227208464e-03
of_gamg,8,0,3,1.322409501567e-01,-7.644643178508e-03
of_gamg,8,0,4,8.772290070091e-01,-6.235998953614e-03
of_gamg,8,0,5,6.351747784810e-01,-3.718537448530e-03
of_gamg,8,0,6,3.902387933353e-01,-1.809256549008e-02
of_gamg,8,0,7,1.321369333047e-01,1.746826013030e-03
of_gamg,8,0,8,8.665832488840e-01,2.525531617675e-02
of_gamg,8,0,9,6.320160744007e-01,-4.184167104127e-02
of_gamg,8,0,10,3.863686719215e-01,2.771863365963e-02
of_gamg,8,0,11,1.399517490447e-01,-2.061685894405e-02
of_gamg,8,0,12,8.489264791870e-01,-5.072776347929e-02
of_gamg,8,0,13,5.980959272750e-01,6.065564158040e-02
of_gamg,8,0,14,4.109867045651e-01,-5.397798826101e-02
of_gamg,8,0,15,1.606362810531e-01,1.534108681154e-02
of_gamg,8,0,16,7.292254562968e-01,3.468383393381e-02
of_gamg,8,0,17,5.611100925277e-01,-3.336112931697e-02
of_gamg,8,0,18,4.448679497497e-01,1.534108681154e-02
of_gamg,8,0,19,2.675840384671e-01,0.000000000000e+00
of_gamg,9,0,0,8.786814271849e-01,-4.291674559769e-03
of_gamg,9,0,1,6.343461432699e-01,-5.576148225112e-03
of_gamg,9,0,2,3.856086289206e-01,-8.721738029184e-03
of_gamg,9,0,3,1.294363905563e-01,-1.394982403231e-03
of_gamg,9,0,4,8.760878909100e-01,2.820287013451e-03
of_gamg,9,0,5,6.331722254790e-01,-1.567252443575e-02
of_gamg,9,0,6,3.843216149065e-01,1.616544902737e-03
of_gamg,9,0,7,1.307419509015e-01,-3.800062808262e-03
of_gamg,9,0,8,8.714060888995e-01,-1.893633069971e-02
of_gamg,9,0,9,6.222607283938e-01,1.344135502614e-02
of_gamg,9,0,10,3.893801992275e-01,-1.393422111698e-02
of_gamg,9,0,11,1.361516862364e-01,2.813731389129e-04
of_gamg,9,0,12,8.397454944943e-01,1.468030259368e-02
of_gamg,9,0,13,6.085257549952e-01,-1.387032365337e-02
of_gamg,9,0,14,4.008525462564e-01,5.755257705471e-04
of_gamg,9,0,15,1.609176541920e-01,9.592096175792e-05
of_gamg,9,0,16,7.334759311703e-01,-3.736165344656e-03
of_gamg,9,0,17,5.573739271830e-01,2.941526316340e-04
of_gamg,9,0,18,4.451621023813e-01,9.592096175748e-05
of_gamg,9,0,19,2.676799594289e-01,0.000000000000e+00
of_gamg,10,0,0,8.786814271849e-01,-4.291674559769e-03
of_gamg,10,0,1,6.343461432699e-01,-5.576148225112e-03
of_gamg,10,0,2,3.856086289206e-01,-8.721738029184e-03
of_gamg,10,0,3,1.294363905563e-01,-1.394982403231e-03
of_gamg,10,0,4,8.760878909100e-01,2.820287013451e-03
of_gamg,10,0,5,6.331722254790e-01,-1.567252443575e-02
of_gamg,10,0,6,3.843216149065e-01,1.616544902737e-03
of_gamg,10,0,7,1.307419509015e-01,-3.800062808262e-03
of_gamg,10,0,8,8.714060888995e-01,-1.893633069971e-02
of_gamg,10,0,9,6.222607283938e-01,1.344135502614e-02
of_gamg,10,0,10,3.893801992275e-01,-1.393422111698e-02
of_gamg,10,0,11,1.361516862364e-01,2.813731389129e-04
of_gamg,10,0,12,8.397454944943e-01,1.468030259368e-02
of_gamg,10,0,13,6.085257549952e-01,-1.387032365337e-02
of_gamg,10,0,14,4.008525462564e-01,5.755257705471e-04
of_gamg,10,0,15,1.609176541920e-01,9.592096175792e-05
of_gamg,10,0,16,7.334759311703e-01,-3.736165344656e-03
of_gamg,10,0,17,5.573739271830e-01,2.941526316340e-04
of_gamg,10,0,18,4.451621023813e-01,9.592096175748e-05
of_gamg,10,0,19,2.676799594289e-01,0.000000000000e+00
of_gamg,11,0,0,8.814297202808e-01,-8.449537164004e-03
of_gamg,11,0,1,6.392600230276e-01,-9.769858093731e-03
of_gamg,11,0,2,3.897226113076e-01,-1.146197491362e-02
of_gamg,11,0,3,1.309459300581e-01,-2.161100715495e-03
of_gamg,11,0,4,8.780093209316e-01,5.122046777495e-04
of_gamg,11,0,5,6.368578794006e-01,-1.834738987663e-02
of_gamg,11,0,6,3.874999059234e-01,-3.735097488612e-04
of_gamg,11,0,7,1.319000082093e-01,-4.260868699084e-03
of_gamg,11,0,8,8.722712096544e-01,-1.904352654593e-02
of_gamg,11,0,9,6.243148778432e-01,1.224645950551e-02
of_gamg,11,0,10,3.911456150273e-01,-1.442688072245e-02
of_gamg,11,0,11,1.367933363658e-01,2.741990379406e-04
of_gamg,11,0,12,8.399883229514e-01,1.504364803719e-02
of_gamg,11,0,13,6.092312667959e-01,-1.355321718642e-02
of_gamg,11,0,14,4.015474592544e-01,7.231307830873e-04
of_gamg,11,0,15,1.611952576305e-01,1.205217971808e-04
of_gamg,11,0,16,7.334827863438e-01,-3.387205163049e-03
of_gamg,11,0,17,5.575211899483e-01,4.489317451473e-04
of_gamg,11,0,18,4.453408283470e-01,1.205217971809e-04
of_gamg,11,0,19,2.677560143296e-01,4.440892098501e-16
of_gamg,12,1,0,0.000000000000e+00,-7.937332486254e-03
of_gamg,12,1,1,0.000000000000e+00,-2.811724797036e-02
of_gamg,12,1,2,0.000000000000e+00,-1.183548466248e-02
of_gamg,12,1,3,0.000000000000e+00,-6.421969414578e-03
of_gamg,12,1,4,0.000000000000e+00,-3.999878508734e-03
of_gamg,12,1,5,0.000000000000e+00,-1.306757680911e-03
of_gamg,12,1,6,0.000000000000e+00,-1.370374993937e-02
of_gamg,12,1,7,0.000000000000e+00,3.947208351214e-04
of_gamg,12,1,8,0.000000000000e+00,-2.938273417902e-03
of_gamg,12,1,9,0.000000000000e+00,1.205217971814e-04
of_gamg,13,2,0,0.000000000000e+00,-4.919682280000e-02
of_gamg,13,2,1,0.000000000000e+00,-6.027248579457e-03
of_gamg,13,2,2,0.000000000000e+00,-6.938151926636e-03
of_gamg,13,2,3,0.000000000000e+00,-1.358322814219e-02
of_gamg,14,2,0,-5.402756986531e-03,6.938893903907e-18
of_gamg,14,2,1,-1.965572238956e-03,3.469446951954e-18
of_gamg,14,2,2,-2.097049248271e-03,-3.469446951954e-18
of_gamg,14,2,3,-2.906558851301e-03,-3.469446951954e-18
of_gamg,15,1,0,-2.977127958227e-03,-1.193799977945e-02
of_gamg,15,1,1,-1.102620658060e-02,6.132418211156e-03
of_gamg,15,1,2,-5.895740392951e-03,-1.601788007599e-02
of_gamg,15,1,3,-2.741865089514e-03,-3.067105686022e-04
of_gamg,15,1,4,-2.788149839575e-03,7.574194599795e-03
of_gamg,15,1,5,-3.135630019143e-03,-1.282812951342e-02
of_gamg,15,1,6,-6.124954038029e-03,7.545379807985e-03
of_gamg,15,1,7,-1.286315994717e-03,-5.067486432861e-03
of_gamg,15,1,8,-1.482737611556e-03,3.721623167236e-03
of_gamg,15,1,9,-7.609620601496e-04,-1.924827305775e-03
of_gamg,16,1,0,-4.682556498148e-03,1.822220210010e-03
of_gamg,16,1,1,-1.048189435434e-02,-7.774473211416e-03
of_gamg,16,1,2,-8.881591517643e-03,-1.634834440506e-03
of_gamg,16,1,3,-3.638781206369e-03,-7.058008704134e-04
of_gamg,16,1,4,-2.054554082090e-03,-3.310825483764e-03
of_gamg,16,1,5,-4.938400981174e-03,6.127120267086e-04
of_gamg,16,1,6,-5.965956244824e-03,-1.653481067792e-03
of_gamg,16,1,7,-1.992116865131e-03,-2.418793269649e-04
of_gamg,16,1,8,-1.188021171257e-03,-2.418793269649e-04
of_gamg,16,1,9,-1.002841387114e-03,-1.734723475977e-18
of_gamg,17,1,0,-4.422239325289e-03,-3.282849085143e-03
of_gamg,17,1,1,-1.193266212748e-02,-2.081328465407e-03
of_gamg,17,1,2,-9.788865515000e-03,-1.235819010173e-03
of_gamg,17,1,3,-3.998831044244e-03,-2.041709792106e-04
of_gamg,17,1,4,-2.435867620954e-03,-6.324468676660e-04
of_gamg,17,1,5,-5.205181451867e-03,-1.130324595125e-03
of_gamg,17,1,6,-6.481675579246e-03,-4.993170961894e-04
of_gamg,17,1,7,-2.196287844341e-03,-9.097513776813e-05
of_gamg,17,1,8,-1.286907097537e-03,-9.097513776813e-05
of_gamg,17,1,9,-1.093816524883e-03,8.673617379884e-19
of_gamg,18,0,0,8.747644048638e-01,1.168733818173e-03
of_gamg,18,0,1,6.262994201633e-01,-4.234717591237e-03
of_gamg,18,0,2,3.763551292186e-01,2.243443715979e-03
of_gamg,18,0,3,1.265673906743e-01,-2.426338226060e-03
of_gamg,18,0,4,8.739269331102e-01,-5.550321768208e-03
of_gamg,18,0,5,6.235440088162e-01,4.615447204414e-03
of_gamg,18,0,6,3.784420205341e-01,-5.431845921179e-03
of_gamg,18,0,7,1.274880952528e-01,1.593905009332e-03
of_gamg,18,0,8,8.657759301026e-01,6.179128832743e-03
of_gamg,18,0,9,6.201231086616e-01,-8.670314145094e-03
of_gamg,18,0,10,3.809490029276e-01,6.352993846865e-03
of_gamg,18,0,11,1.340249700648e-01,-2.644630283617e-03
of_gamg,18,0,12,8.410087375742e-01,-5.487232457046e-03
of_gamg,18,0,13,6.015531786547e-01,8.399582896390e-03
of_gamg,18,0,14,3.975589062970e-01,-5.299104052779e-03
of_gamg,18,0,15,1.590431218598e-01,3.513674693120e-03
of_gamg,18,0,16,7.322273466564e-01,3.566202618397e-03
of_gamg,18,0,17,5.559215449825e-01,-2.435981908552e-03
of_gamg,18,0,18,4.433912176930e-01,3.669770444711e-03
of_gamg,18,0,19,2.671454076303e-01,-4.381062289327e-04
of_gamg,19,0,0,8.750565883184e-01,-2.365805708297e-03
of_gamg,19,0,1,6.249852421177e-01,8.721655975006e-04
of_gamg,19,0,2,3.766648844420e-01,-1.669065831567e-03
of_gamg,19,0,3,1.260382449237e-01,-1.503216444687e-05
of_gamg,19,0,4,8.728753054474e-01,1.587910608031e-03
of_gamg,19,0,5,6.241064191902e-01,-2.910520965185e-03
of_gamg,19,0,6,3.773021004532e-01,8.455860559730e-04
of_gamg,19,0,7,1.274730630883e-01,-3.598088455288e-04
of_gamg,19,0,8,8.668014303366e-01,-2.662947328874e-03
of_gamg,19,0,9,6.183525077773e-01,2.294777112299e-03
of_gamg,19,0,10,3.818096211480e-01,-1.110890580649e-03
of_gamg,19,0,11,1.336651612192e-01,4.805568224940e-04
of_gamg,19,0,12,8.401163911295e-01,1.879801587510e-03
of_gamg,19,0,13,6.029873375466e-01,-8.623177993283e-04
of_gamg,19,0,14,3.968078245619e-01,1.042047351571e-03
of_gamg,19,0,15,1.595236786823e-01,1.006568537730e-04
of_gamg,19,0,16,7.326729893520e-01,-1.112360642082e-04
of_gamg,19,0,17,5.558103089183e-01,5.614905290763e-04
of_gamg,19,0,18,4.439527082221e-01,1.006568537729e-04
of_gamg,19,0,19,2.672460644841e-01,1.110223024625e-16
of_gamg,20,0,0,8.744651368913e-01,2.928632263335e-04
of_gamg,20,0,1,6.250788135078e-01,-1.179579248521e-03
of_gamg,20,0,2,3.761397196282e-01,-2.185475427009e-04
of_gamg,20,0,3,1.259031956791e-01,-1.156712776459e-04
of_gamg,20,0,4,8.730745972836e-01,-1.147145533250e-03
of_gamg,20,0,5,6.234520047555e-01,2.034095966252e-04
of_gamg,20,0,6,3.772186021550e-01,-3.425415236519e-04
of_gamg,20,0,7,1.273573918107e-01,2.760305976862e-05
of_gamg,20,0,8,8.663086992381e-01,5.643219925566e-04
of_gamg,20,0,9,6.186394156720e-01,-3.013691976990e-04
of_gamg,20,0,10,3.815827509020e-01,2.127725982365e-04
of_gamg,20,0,11,1.336927642790e-01,6.268589040193e-05
of_gamg,20,0,12,8.403938052273e-01,-4.680261276224e-05
of_gamg,20,0,13,6.029128385949e-01,2.881071217307e-04
of_gamg,20,0,14,3.969929941003e-01,1.404386855026e-04
of_gamg,20,0,15,1.595863645727e-01,2.340644758381e-05
of_gamg,20,0,16,7.327006856909e-01,1.029375832635e-04
of_gamg,20,0,17,5.559132465016e-01,7.775279510103e-05
of_gamg,20,0,18,4.440304610172e-01,2.340644758414e-05
of_gamg,20,0,19,2.672694709316e-01,-2.220446049250e-16
of_gamg,21,0,0,8.744651368913e-01,2.928632263335e-04
of_gamg,21,0,1,6.250788135078e-01,-1.179579248521e-03
of_gamg,21,0,2,3.761397196282e-01,-2.185475427009e-04
of_gamg,21,0,3,1.259031956791e-01,-1.156712776459e-04
of_gamg,21,0,4,8.730745972836e-01,-1.147145533250e-03
of_gamg,21,0,5,6.234520047555e-01,2.034095966252e-04
of_gamg,21,0,6,3.772186021550e-01,-3.425415236519e-04
of_gamg,21,0,7,1.273573918107e-01,2.760305976862e-05
of_gamg,21,0,8,8.663086992381e-01,5.643219925566e-04
of_gamg,21,0,9,6.186394156720e-01,-3.013691976990e-04
of_gamg,21,0,10,3.815827509020e-01,2.127725982365e-04
of_gamg,21,0,11,1.336927642790e-01,6.268589040193e-05
of_gamg,21,0,12,8.403938052273e-01,-4.680261276224e-05
of_gamg,21,0,13,6.029128385949e-01,2.881071217307e-04
of_gamg,21,0,14,3.969929941003e-01,1.404386855026e-04
of_gamg,21,0,15,1.595863645727e-01,2.340644758381e-05
of_gamg,21,0,16,7.327006856909e-01,1.029375832635e-04
of_gamg,21,0,17,5.559132465016e-01,7.775279510103e-05
of_gamg,21,0,18,4.440304610172e-01,2.340644758414e-05
of_gamg,21,0,19,2.672694709316e-01,-2.220446049250e-16
of_gamg,22,0,0,8.744674313008e-01,2.689866491292e-04
of_gamg,22,0,1,6.250663017991e-01,-1.200195379931e-03
of_gamg,22,0,2,3.761103654135e-01,-2.043600487385e-04
of_gamg,22,0,3,1.258870887720e-01,-1.011682125917e-04
of_gamg,22,0,4,8.730724100531e-01,-1.178222015115e-03
of_gamg,22,0,5,6.234209133030e-01,2.210407744219e-04
of_gamg,22,0,6,3.771733456208e-01,-2.947489734184e-04
of_gamg,22,0,7,1.273368214618e-01,4.890220888715e-05
of_gamg,22,0,8,8.662954836465e-01,5.658983359171e-04
of_gamg,22,0,9,6.185926365136e-01,-2.520010988663e-04
of_gamg,22,0,10,3.815305333314e-01,2.726914010491e-04
of_gamg,22,0,11,1.336725751250e-01,7.767841518030e-05
of_gamg,22,0,12,8.403782700017e-01,-3.069436900205e-05
of_gamg,22,0,13,6.028716146747e-01,3.392298882936e-04
of_gamg,22,0,14,3.969562674672e-01,1.686645278094e-04
of_gamg,22,0,15,1.595731992472e-01,2.811075463527e-05
of_gamg,22,0,16,7.326935573184e-01,1.154406961321e-04
of_gamg,22,0,17,5.558985146047e-01,9.098611262970e-05
of_gamg,22,0,18,4.440183871431e-01,2.811075463471e-05
of_gamg,22,0,19,2.672652643984e-01,0.000000000000e+00
of_gamg,23,1,0,0.000000000000e+00,-9.092353659859e-04
of_gamg,23,1,1,0.000000000000e+00,-9.791546055087e-04
of_gamg,23,1,2,0.000000000000e+00,-4.991090221569e-04
of_gamg,23,1,3,0.000000000000e+00,-5.226600370456e-05
of_gamg,23,1,4,0.000000000000e+00,5.352039669151e-04
of_gamg,23,1,5,0.000000000000e+00,8.722878942735e-05
of_gamg,23,1,6,0.000000000000e+00,4.413559288585e-04
of_gamg,23,1,7,0.000000000000e+00,1.057891698156e-04
of_gamg,23,1,8,0.000000000000e+00,2.064268087618e-04
of_gamg,23,1,9,0.000000000000e+00,2.811075463471e-05
of_gamg,24,2,0,0.000000000000e+00,-2.300270204224e-03
of_gamg,24,2,1,0.000000000000e+00,5.352316611101e-05
of_gamg,24,2,2,0.000000000000e+00,7.416307756769e-04
of_gamg,24,2,3,0.000000000000e+00,4.694666834932e-04
of_gamg,25,2,0,-1.842168819239e-04,-4.336808689942e-19
of_gamg,25,2,1,-2.715611416822e-05,5.421010862428e-20
of_gamg,25,2,2,-5.295365001434e-07,1.084202172486e-19
of_gamg,25,2,3,-1.270629548334e-05,1.084202172486e-19
of_gamg,26,1,0,-1.825998094763e-04,-3.933793326229e-04
of_gamg,26,1,1,-3.800478030257e-04,1.613953845767e-04
of_gamg,26,1,2,-1.869122619649e-04,-4.823210151880e-04
of_gamg,26,1,3,-6.397941167438e-05,2.682962523594e-05
of_gamg,26,1,4,-2.247026919606e-06,3.302477301249e-04
of_gamg,26,1,5,-2.066488216061e-05,-2.317643997344e-04
of_gamg,26,1,6,-2.971887345551e-05,4.001911087696e-04
of_gamg,26,1,7,5.064271149669e-06,-5.950673480239e-05
of_gamg,26,1,8,9.971216504898e-07,1.731762279920e-04
of_gamg,26,1,9,-1.364576835220e-06,1.673446549635e-05
of_gamg,27,1,0,-2.387968569938e-04,5.385685114255e-05
of_gamg,27,1,1,-3.702475451174e-04,-2.106634449442e-04
of_gamg,27,1,2,-2.794563618392e-04,-2.467315824379e-06
of_gamg,27,1,3,-8.658777946189e-05,4.229671139242e-07
of_gamg,27,1,4,3.200930840632e-05,-3.094412171116e-05
of_gamg,27,1,5,-4.624012735632e-05,1.057052081815e-04
of_gamg,27,1,6,1.303054629514e-05,9.747403232422e-06
of_gamg,27,1,7,5.487238263593e-06,8.901469004574e-06
of_gamg,27,1,8,2.120349033073e-05,8.901469004574e-06
of_gamg,27,1,9,7.536892169353e-06,-6.776263578034e-21
of_gamg,28,1,0,-2.311030211163e-04,-8.101659500490e-05
of_gamg,28,1,1,-4.093026997552e-04,-2.209146969248e-05
of_gamg,28,1,2,-2.955718868592e-04,-6.769517208589e-06
of_gamg,28,1,3,-9.113179130848e-05,1.124308765894e-06
of_gamg,28,1,4,2.910302267711e-05,2.207191220875e-05
of_gamg,28,1,5,-3.610054700877e-05,6.429764482824e-06
of_gamg,28,1,6,1.534905277972e-05,2.830347172248e-06
of_gamg,28,1,7,6.611547029487e-06,5.817296404594e-07
of_gamg,28,1,8,2.299624184439e-05,5.817296404594e-07
of_gamg,28,1,9,8.118621809813e-06,0.000000000000e+00
of_gamg,29,0,0,8.743682110031e-01,-4.213603879855e-04
of_gamg,29,0,1,6.243418395143e-01,3.325444889020e-04
of_gamg,29,0,2,3.757663603711e-01,-2.992301337885e-04
of_gamg,29,0,3,1.257612770270e-01,-1.118670329908e-05
of_gamg,29,0,4,8.727096441101e-01,4.026319698465e-04
of_gamg,29,0,5,6.232234916577e-01,-5.203355121535e-04
of_gamg,29,0,6,3.768967344381e-01,1.886750475016e-04
of_gamg,29,0,7,1.272675610337e-01,-6.067173955071e-06
of_gamg,29,0,8,8.663591498597e-01,-2.852340413790e-04
of_gamg,29,0,9,6.184254130560e-01,3.637597118626e-04
of_gamg,29,0,10,3.815181997374e-01,-8.005650934217e-05
of_gamg,29,0,11,1.336737265294e-01,2.204552755070e-06
of_gamg,29,0,12,8.403754580912e-01,1.682559690990e-04
of_gamg,29,0,13,6.029645706812e-01,-1.448681156622e-04
of_gamg,29,0,14,3.969968684168e-01,1.140447324796e-04
of_gamg,29,0,15,1.595850764285e-01,1.302984032070e-05
of_gamg,29,0,16,7.327218258840e-01,-3.982216792675e-05
of_gamg,29,0,17,5.559156750451e-01,1.416928922775e-04
of_gamg,29,0,18,4.440336715524e-01,1.200273660507e-05
of_gamg,29,0,19,2.672678170369e-01,1.184575977375e-05
of_gamg,30,0,0,8.742628709061e-01,1.351931718721e-04
of_gamg,30,0,1,6.244175743116e-01,-1.707840305658e-04
of_gamg,30,0,2,3.756918619256e-01,-1.694853296486e-05
of_gamg,30,0,3,1.257398557398e-01,-4.603141383897e-06
of_gamg,30,0,4,8.727691024847e-01,-1.414407184326e-04
of_gamg,30,0,5,6.231272060726e-01,6.005250259178e-05
of_gamg,30,0,6,3.769012071923e-01,-9.604143071718e-06
of_gamg,30,0,7,1.272629578923e-01,-1.479918063152e-06
of_gamg,30,0,8,8.663139947264e-01,8.019991550468e-05
of_gamg,30,0,9,6.184809928044e-01,-2.116805172703e-05
of_gamg,30,0,10,3.815131987357e-01,2.173925212490e-05
of_gamg,30,0,11,1.336722466113e-01,6.953818489142e-06
of_gamg,30,0,12,8.404000782583e-01,-1.870071683596e-05
of_gamg,30,0,13,6.029484036311e-01,4.781760527650e-05
of_gamg,30,0,14,3.970200875869e-01,1.891788686526e-05
of_gamg,30,0,15,1.595920302470e-01,5.127274439798e-06
of_gamg,30,0,16,7.327192922172e-01,2.459843508884e-05
of_gamg,30,0,17,5.559402734802e-01,1.196406837600e-05
of_gamg,30,0,18,4.440456356208e-01,5.127274439687e-06
of_gamg,30,0,19,2.672729443113e-01,1.110223024625e-16
of_gamg,31,0,0,8.742966691991e-01,-6.719039762526e-05
of_gamg,31,0,1,6.243719123991e-01,-2.265462225726e-05
of_gamg,31,0,2,3.756709917771e-01,-1.443301380311e-05
of_gamg,31,0,3,1.257334874173e-01,-3.182586373329e-06
of_gamg,31,0,4,8.727475739996e-01,9.949812323384e-06
of_gamg,31,0,5,6.231254215989e-01,-1.086925118332e-05
of_gamg,31,0,6,3.768931425010e-01,-4.650861377131e-07
of_gamg,31,0,7,1.272597753059e-01,1.297746470230e-06
of_gamg,31,0,8,8.663257290125e-01,-4.197846002363e-06
of_gamg,31,0,9,6.184781882445e-01,1.362244005398e-05
of_gamg,31,0,10,3.815159162359e-01,9.432828200095e-06
of_gamg,31,0,11,1.336735443578e-01,2.912020528101e-06
of_gamg,31,0,12,8.403986849722e-01,1.477246464221e-05
of_gamg,31,0,13,6.029593085710e-01,1.348238833354e-05
of_gamg,31,0,14,3.970282226687e-01,6.633953082757e-06
of_gamg,31,0,15,1.595949422676e-01,1.105658846978e-06
of_gamg,31,0,16,7.327231597421e-01,5.347306603731e-06
of_gamg,31,0,17,5.559456207868e-01,3.721932554601e-06
of_gamg,31,0,18,4.440493575533e-01,1.105658846923e-06
of_gamg,31,0,19,2.672740499702e-01,3.330669073875e-16
of_gamg,32,0,0,8.742966691991e-01,-6.719039762526e-05
of_gamg,32,0,1,6.243719123991e-01,-2.265462225726e-05
of_gamg,32,0,2,3.756709917771e-01,-1.443301380311e-05
of_gamg,32,0,3,1.257334874173e-01,-3.182586373329e-06
of_gamg,32,0,4,8.727475739996e-01,9.949812323384e-06
of_gamg,32,0,5,6.231254215989e-01,-1.086925118332e-05
of_gamg,32,0,6,3.768931425010e-01,-4.650861377131e-07
of_gamg,32,0,7,1.272597753059e-01,1.297746470230e-06
of_gamg,32,0,8,8.663257290125e-01,-4.197846002363e-06
of_gamg,32,0,9,6.184781882445e-01,1.362244005398e-05
of_gamg,32,0,10,3.815159162359e-01,9.432828200095e-06
of_gamg,32,0,11,1.336735443578e-01,2.912020528101e-06
of_gamg,32,0,12,8.403986849722e-01,1.477246464221e-05
of_gamg,32,0,13,6.029593085710e-01,1.348238833354e-05
of_gamg,32,0,14,3.970282226687e-01,6.633953082757e-06
of_gamg,32,0,15,1.595949422676e-01,1.105658846978e-06
of_gamg,32,0,16,7.327231597421e-01,5.347306603731e-06
of_gamg,32,0,17,5.559456207868e-01,3.721932554601e-06
of_gamg,32,0,18,4.440493575533e-01,1.105658846923e-06
of_gamg,32,0,19,2.672740499702e-01,3.330669073875e-16
of_gamg,33,0,0,8.742959199989e-01,-6.623476034040e-05
of_gamg,33,0,1,6.243706672610e-01,-2.252217384724e-05
of_gamg,33,0,2,3.756697887193e-01,-1.405573893476e-05
of_gamg,33,0,3,1.257329943776e-01,-2.992754650877e-06
of_gamg,33,0,4,8.727467779744e-01,1.057833951368e-05
of_gamg,33,0,5,6.231237708910e-01,-9.606122769457e-06
of_gamg,33,0,6,3.768916487804e-01,5.602277356465e-07
of_gamg,33,0,7,1.272591960366e-01,1.660620467359e-06
of_gamg,33,0,8,8.663247773214e-01,-2.783200674816e-06
of_gamg,33,0,9,6.184763834255e-01,1.541376140679e-05
of_gamg,33,0,10,3.815143997023e-01,1.063240680432e-05
of_gamg,33,0,11,1.336729976454e-01,3.194187470412e-06
of_gamg,33,0,12,8.403979420063e-01,1.596437028306e-05
of_gamg,33,0,13,6.029579995486e-01,1.471076226189e-05
of_gamg,33,0,14,3.970272013648e-01,7.204046032161e-06
of_gamg,33,0,15,1.595945866756e-01,1.200674338619e-06
of_gamg,33,0,16,7.327228975317e-01,5.738975925151e-06
of_gamg,33,0,17,5.559451821601e-01,4.009858562082e-06
of_gamg,33,0,18,4.440490235786e-01,1.200674338842e-06
of_gamg,33,0,19,2.672739350424e-01,0.000000000000e+00
of_gamg,34,1,0,0.000000000000e+00,-5.565642082672e-05
of_gamg,34,1,1,0.000000000000e+00,-3.212829661670e-05
of_gamg,34,1,2,0.000000000000e+00,-1.349551119911e-05
of_gamg,34,1,3,0.000000000000e+00,-1.332134183518e-06
of_gamg,34,1,4,0.000000000000e+00,1.318116960825e-05
of_gamg,34,1,5,0.000000000000e+00,3.012452366868e-05
of_gamg,34,1,6,0.000000000000e+00,1.783645283648e-05
of_gamg,34,1,7,0.000000000000e+00,4.394861809032e-06
of_gamg,34,1,8,0.000000000000e+00,9.748834487233e-06
of_gamg,34,1,9,0.000000000000e+00,1.200674338842e-06
of_gamg,35,2,0,0.000000000000e+00,-7.115570497385e-05
of_gamg,35,2,1,0.000000000000e+00,3.062727625514e-06
of_gamg,35,2,2,0.000000000000e+00,2.293000409548e-05
of_gamg,35,2,3,0.000000000000e+00,1.903712717533e-05
of_gamg,36,2,0,-5.537662309547e-06,1.355252715607e-20
of_gamg,36,2,1,-6.045326523175e-07,-1.694065894509e-21
of_gamg,36,2,2,5.537193522940e-08,0.000000000000e+00
of_gamg,36,2,3,5.122417115085e-08,3.388131789017e-21
of_gamg,37,1,0,-9.525196215798e-06,-1.332874625505e-05
of_gamg,37,1,1,-1.196332163289e-05,2.489019253317e-06
of_gamg,37,1,2,-5.145735390338e-06,-1.540025189507e-05
of_gamg,37,1,3,-1.858855922133e-06,1.881386699506e-06
of_gamg,37,1,4,-4.220556731458e-07,1.579731264489e-05
of_gamg,37,1,5,4.142570917855e-06,-7.036707861272e-06
of_gamg,37,1,6,1.093746239309e-08,2.197431690203e-05
of_gamg,37,1,7,4.930002087708e-07,-1.308038881492e-06
of_gamg,37,1,8,4.797520315629e-07,9.229663424865e-06
of_gamg,37,1,9,7.808197698936e-08,1.481626248664e-06
of_gamg,38,1,0,-1.142930282366e-05,1.208973169663e-06
of_gamg,38,1,1,-1.222716042537e-05,-7.009045982762e-06
of_gamg,38,1,2,-8.331321286345e-06,1.636034696704e-06
of_gamg,38,1,3,-2.500253792491e-06,4.860280153737e-07
of_gamg,38,1,4,1.314595081482e-06,-1.281439383060e-07
of_gamg,38,1,5,3.504696727105e-06,6.985265318034e-06
of_gamg,38,1,6,2.929767899813e-06,1.642510380153e-06
of_gamg,38,1,7,9.790282241446e-07,6.704543494057e-07
of_gamg,38,1,8,1.627356474757e-06,6.704543494057e-07
of_gamg,38,1,9,7.485363263951e-07,-8.470329472543e-22
of_gamg,39,1,0,-1.125659237085e-05,-2.659879216545e-06
of_gamg,39,1,1,-1.355988544080e-05,5.321808548769e-07
of_gamg,39,1,2,-8.537204353175e-06,5.753045622224e-07
of_gamg,39,1,3,-2.489644952246e-06,2.236546191396e-07
of_gamg,39,1,4,1.320165895795e-06,2.067890882883e-06
of_gamg,39,1,5,4.448643715643e-06,1.288170669273e-06
of_gamg,39,1,6,3.483854781547e-06,5.537246167991e-07
of_gamg,39,1,7,1.202682843284e-06,1.064153785199e-07
of_gamg,39,1,8,1.807353380563e-06,1.064153785199e-07
of_gamg,39,1,9,8.549517049150e-07,8.470329472543e-22
of_gamg,40,0,0,8.742730323823e-01,3.788635579038e-06
of_gamg,40,0,1,6.243518183192e-01,-1.168181789435e-05
of_gamg,40,0,2,3.756567430259e-01,-2.569751474946e-06
of_gamg,40,0,3,1.257294340204e-01,-3.469254495070e-06
of_gamg,40,0,4,8.727440998457e-01,-1.036806954424e-05
of_gamg,40,0,5,6.231139977314e-01,5.472624516667e-06
of_gamg,40,0,6,3.768864069867e-01,-1.530825601836e-07
of_gamg,40,0,7,1.272575238012e-01,2.306701301247e-06
of_gamg,40,0,8,8.663231010453e-01,1.041361228982e-05
of_gamg,40,0,9,6.184791383987e-01,2.253354355108e-06
of_gamg,40,0,10,3.815172103056e-01,2.339015230168e-06
of_gamg,40,0,11,1.336740847003e-01,2.680089414842e-07
of_gamg,40,0,12,8.404026805946e-01,-1.418293984923e-06
of_gamg,40,0,13,6.029644978666e-01,2.812610058855e-06
of_gamg,40,0,14,3.970315501519e-01,1.982641965603e-06
of_gamg,40,0,15,1.595959574038e-01,1.327136219809e-07
of_gamg,40,0,16,7.327243857669e-01,3.800924709196e-06
of_gamg,40,0,17,5.559474349314e-01,2.226649904902e-06
of_gamg,40,0,18,4.440505176736e-01,6.815955110318e-07
of_gamg,40,0,19,2.672742848803e-01,7.657956254681e-07
of_gamg,41,0,0,8.742739795412e-01,-5.462401796219e-06
of_gamg,41,0,1,6.243482400995e-01,-2.046768033725e-06
of_gamg,41,0,2,3.756546937022e-01,-1.929607200801e-06
of_gamg,41,0,3,1.257280543759e-01,7.541882013351e-08
of_gamg,41,0,4,8.727422156636e-01,1.708441711656e-06
of_gamg,41,0,5,6.231140002871e-01,4.404863684915e-07
of_gamg,41,0,6,3.768858570240e-01,7.702942197430e-07
of_gamg,41,0,7,1.272575992200e-01,2.076606321344e-07
of_gamg,41,0,8,8.663248069314e-01,1.047967426615e-06
of_gamg,41,0,9,6.184801288477e-01,1.660019770977e-06
of_gamg,41,0,10,3.815179051810e-01,1.118326066418e-06
of_gamg,41,0,11,1.336742923610e-01,2.502079375910e-07
of_gamg,41,0,12,8.404027381130e-01,1.608218225480e-06
of_gamg,41,0,13,6.029654630110e-01,1.677639059894e-06
of_gamg,41,0,14,3.970324608174e-01,7.220548520204e-07
of_gamg,41,0,15,1.595962076117e-01,2.479750795259e-07
of_gamg,41,0,16,7.327250288407e-01,7.669736259430e-07
of_gamg,41,0,17,5.559482019051e-01,4.718469142073e-07
of_gamg,41,0,18,4.440509895205e-01,2.479750792483e-07
of_gamg,41,0,19,2.672745328554e-01,0.000000000000e+00
of_gamg,42,0,0,8.742726139408e-01,-1.068887908406e-06
of_gamg,42,0,1,6.243471026434e-01,-1.179454838685e-06
of_gamg,42,0,2,3.756536713478e-01,-3.390240631562e-07
of_gamg,42,0,3,1.257278176420e-01,-2.627268624877e-08
of_gamg,42,0,4,8.727422842319e-01,6.620675097047e-08
of_gamg,42,0,5,6.231138431867e-01,3.292664754184e-07
of_gamg,42,0,6,3.768857547339e-01,3.356254493214e-07
of_gamg,42,0,7,1.272575729474e-01,1.171666773603e-07
of_gamg,42,0,8,8.663250302385e-01,7.978617024840e-07
of_gamg,42,0,9,6.184805604043e-01,9.807733263312e-07
of_gamg,42,0,10,3.815182670791e-01,5.428737217539e-07
of_gamg,42,0,11,1.336744095276e-01,1.581697603448e-07
of_gamg,42,0,12,8.404031044180e-01,8.077549729091e-07
of_gamg,42,0,13,6.029660818862e-01,6.816274220611e-07
of_gamg,42,0,14,3.970328865244e-01,3.440902603957e-07
of_gamg,42,0,15,1.595963657815e-01,5.734837665861e-08
of_gamg,42,0,16,7.327252177205e-01,2.559203777786e-07
of_gamg,42,0,17,5.559484578255e-01,1.859205009946e-07
of_gamg,42,0,18,4.440511754410e-01,5.734837671412e-08
of_gamg,42,0,19,2.672745902038e-01,0.000000000000e+00
of_gamg,43,0,0,8.742726139408e-01,-1.068887908406e-06
of_gamg,43,0,1,6.243471026434e-01,-1.179454838685e-06
of_gamg,43,0,2,3.756536713478e-01,-3.390240631562e-07
of_gamg,43,0,3,1.257278176420e-01,-2.627268624877e-08
of_gamg,43,0,4,8.727422842319e-01,6.620675097047e-08
of_gamg,43,0,5,6.231138431867e-01,3.292664754184e-07
of_gamg,43,0,6,3.768857547339e-01,3.356254493214e-07
of_gamg,43,0,7,1.272575729474e-01,1.171666773603e-07
of_gamg,43,0,8,8.663250302385e-01,7.978617024840e-07
of_gamg,43,0,9,6.184805604043e-01,9.807733263312e-07
of_gamg,43,0,10,3.815182670791e-01,5.428737217539e-07
of_gamg,43,0,11,1.336744095276e-01,1.581697603448e-07
of_gamg,43,0,12,8.404031044180e-01,8.077549729091e-07
of_gamg,43,0,13,6.029660818862e-01,6.816274220611e-07
of_gamg,43,0,14,3.970328865244e-01,3.440902603957e-07
of_gamg,43,0,15,1.595963657815e-01,5.734837665861e-08
of_gamg,43,0,16,7.327252177205e-01,2.559203777786e-07
of_gamg,43,0,17,5.559484578255e-01,1.859205009946e-07
of_gamg,43,0,18,4.440511754410e-01,5.734837671412e-08
of_gamg,43,0,19,2.672745902038e-01,0.000000000000e+00
of_gamg,44,0,0,8.742725292073e-01,-9.836742944636e-07
of_gamg,44,0,1,6.243469445695e-01,-1.115927793505e-06
of_gamg,44,0,2,3.756535311640e-01,-2.908636854704e-07
of_gamg,44,0,3,1.257277630083e-01,-8.510330995470e-09
of_gamg,44,0,4,8.727421885854e-01,1.711800117210e-07
of_gamg,44,0,5,6.231136574094e-01,4.712759449355e-07
of_gamg,44,0,6,3.768855950504e-01,4.334552680119e-07
of_gamg,44,0,7,1.272575123588e-01,1.504456479950e-07
of_gamg,44,0,8,8.663249274905e-01,9.519240062872e-07
of_gamg,44,0,9,6.184803727082e-01,1.156719550366e-06
of_gamg,44,0,10,3.815181127249e-01,6.554027248695e-07
of_gamg,44,0,11,1.336743541810e-01,1.843806685109e-07
of_gamg,44,0,12,8.404030280829e-01,9.282693236301e-07
of_gamg,44,0,13,6.029659499274e-01,7.994780990561e-07
of_gamg,44,0,14,3.970327843626e-01,3.975764123476e-07
of_gamg,44,0,15,1.595963302020e-01,6.626273529875e-08
of_gamg,44,0,16,7.327251912660e-01,2.945210217931e-07
of_gamg,44,0,17,5.559484140341e-01,2.131957430596e-07
of_gamg,44,0,18,4.440511421726e-01,6.626273563182e-08
of_gamg,44,0,19,2.672745787291e-01,3.330669073875e-16
of_gamg,45,1,0,0.000000000000e+00,-8.124942827425e-07
of_gamg,45,1,1,0.000000000000e+00,-6.446518485692e-07
of_gamg,45,1,2,0.000000000000e+00,1.425915825415e-07
of_gamg,45,1,3,0.000000000000e+00,1.419353169996e-07
of_gamg,45,1,4,0.000000000000e+00,1.880193329917e-06
of_gamg,45,1,5,0.000000000000e+00,1.956197649422e-06
of_gamg,45,1,6,0.000000000000e+00,1.052979137217e-06
of_gamg,45,1,7,0.000000000000e+00,2.506434038096e-07
of_gamg,45,1,8,0.000000000000e+00,5.077167648526e-07
of_gamg,45,1,9,0.000000000000e+00,6.626273596488e-08
of_gamg,46,2,0,0.000000000000e+00,6.416431006517e-07
of_gamg,46,2,1,0.000000000000e+00,3.925787208092e-07
of_gamg,46,2,2,0.000000000000e+00,2.387910094770e-06
of_gamg,46,2,3,0.000000000000e+00,1.119241873182e-06
of_gamg,47,2,0,1.673737601282e-07,-2.117582368136e-22
of_gamg,47,2,1,9.352109261963e-08,5.293955920339e-23
of_gamg,47,2,2,2.146814081964e-07,0.000000000000e+00
of_gamg,47,2,3,1.628159876632e-07,0.000000000000e+00
of_gamg,48,1,0,-3.758076489855e-08,-1.479176453118e-07
of_gamg,48,1,1,3.844339041433e-08,-6.561015191352e-08
of_gamg,48,1,2,1.654394551401e-07,-1.273104053769e-07
of_gamg,48,1,3,8.145770426793e-08,6.686854831518e-09
of_gamg,48,1,4,3.246245023123e-07,3.936532964359e-07
of_gamg,48,1,5,5.155412682443e-07,3.025828452565e-07
of_gamg,48,1,6,3.174930984174e-07,6.123935670235e-07
of_gamg,48,1,7,1.040765574274e-07,1.941727593205e-07
of_gamg,48,1,8,1.169542134267e-07,3.549925283959e-07
of_gamg,48,1,9,5.969791382712e-08,6.750538079220e-08
of_gamg,49,1,0,-5.871185708595e-08,3.416341015730e-09
of_gamg,49,1,1,1.686892315666e-08,-5.827247780077e-09
of_gamg,49,1,2,1.313475871616e-07,9.959857510206e-08
of_gamg,49,1,3,7.267243553574e-08,5.246571446515e-08
of_gamg,49,1,4,3.711897778433e-07,1.762590088096e-07
of_gamg,49,1,5,5.778977564211e-07,2.858842575889e-07
of_gamg,49,1,6,4.346622109838e-07,1.370076778503e-07
of_gamg,49,1,7,1.565422718925e-07,3.207624891998e-08
of_gamg,49,1,8,1.685002458827e-07,3.207624891998e-08
of_gamg,49,1,9,9.177416274710e-08,0.000000000000e+00
of_gamg,50,1,0,-5.822380836941e-08,2.015292205197e-08
of_gamg,50,1,1,1.589869308726e-08,9.391337796881e-08
of_gamg,50,1,2,1.508792101543e-07,7.052439235893e-08
of_gamg,50,1,3,8.574800131437e-08,1.673729203774e-08
of_gamg,50,1,4,3.932831600341e-07,1.218135709775e-07
of_gamg,50,1,5,6.327478884046e-07,1.008598286138e-07
of_gamg,50,1,6,4.790354717855e-07,4.161056850324e-08
of_gamg,50,1,7,1.732795639303e-07,8.135984427763e-09
of_gamg,50,1,8,1.806135528932e-07,8.135984427763e-09
of_gamg,50,1,9,9.991014717486e-08,0.000000000000e+00
of_gamg,51,0,0,8.742722720971e-01,-1.804607556721e-07
of_gamg,51,0,1,6.243466108655e-01,-6.601498836467e-08
of_gamg,51,0,2,3.756535232403e-01,-2.385509250136e-07
of_gamg,51,0,3,1.257278234499e-01,-1.414010377121e-07
of_gamg,51,0,4,8.727422970620e-01,8.063352163745e-08
of_gamg,51,0,5,6.231139712443e-01,-1.613164712921e-08
of_gamg,51,0,6,3.768858968545e-01,1.924937682585e-07
of_gamg,51,0,7,1.272576291583e-01,1.216974100382e-07
of_gamg,51,0,8,8.663253226022e-01,2.171008368634e-07
of_gamg,51,0,9,6.184810640633e-01,2.893884074595e-07
of_gamg,51,0,10,3.815186562690e-01,1.329995660271e-07
of_gamg,51,0,11,1.336745471847e-01,5.208176678817e-08
of_gamg,51,0,12,8.404034689866e-01,-8.528476458380e-08
of_gamg,51,0,13,6.029665955263e-01,5.078134979186e-08
of_gamg,51,0,14,3.970332499728e-01,7.058181616948e-08
of_gamg,51,0,15,1.595965025779e-01,-8.884486352168e-08
of_gamg,51,0,16,7.327253415198e-01,6.973187138826e-08
of_gamg,51,0,17,5.559486498638e-01,3.826890138114e-09
of_gamg,51,0,18,4.440513160999e-01,-5.377582423804e-08
of_gamg,51,0,19,2.672746268872e-01,5.735474339907e-08
of_gamg,52,0,0,8.742722269819e-01,-2.993972625376e-08
of_gamg,52,0,1,6.243465738222e-01,-1.033826158015e-07
of_gamg,52,0,2,3.756534313755e-01,-3.603866449708e-08
of_gamg,52,0,3,1.257277651335e-01,1.713174907492e-08
of_gamg,52,0,4,8.727423041657e-01,3.332305764658e-08
of_gamg,52,0,5,6.231139597264e-01,1.029556544463e-07
of_gamg,52,0,6,3.768859191323e-01,7.612055419326e-08
of_gamg,52,0,7,1.272576462901e-01,2.564046402975e-08
of_gamg,52,0,8,8.663253674431e-01,7.258909384689e-08
of_gamg,52,0,9,6.184811447412e-01,8.983141586150e-08
of_gamg,52,0,10,3.815187152578e-01,6.574377220403e-08
of_gamg,52,0,11,1.336745728252e-01,-4.620218096996e-09
of_gamg,52,0,12,8.404034608978e-01,4.111646068061e-08
of_gamg,52,0,13,6.029666263689e-01,4.909197826031e-08
of_gamg,52,0,14,3.970332900761e-01,-5.556987203725e-09
of_gamg,52,0,15,1.595964979577e-01,8.632959402899e-09
of_gamg,52,0,16,7.327253517936e-01,8.988670252563e-09
of_gamg,52,0,17,5.559486588525e-01,-9.367691067297e-10
of_gamg,52,0,18,4.440513151632e-01,8.632959236365e-09
of_gamg,52,0,19,2.672746355201e-01,0.000000000000e+00
of_gamg,53,0,0,8.742722194970e-01,-3.178822405303e-08
of_gamg,53,0,1,6.243465368663e-01,-6.539647046111e-09
of_gamg,53,0,2,3.756534070440e-01,1.559528794992e-08
of_gamg,53,0,3,1.257277633335e-01,8.247150462548e-09
of_gamg,53,0,4,8.727423093333e-01,3.334320153314e-08
of_gamg,53,0,5,6.231139775183e-01,4.818888110769e-08
of_gamg,53,0,6,3.768859365275e-01,3.673031367946e-08
of_gamg,53,0,7,1.272576545372e-01,6.422019138697e-09
of_gamg,53,0,8,8.663253829945e-01,4.212721504970e-08
of_gamg,53,0,9,6.184811755349e-01,5.128796187748e-08
of_gamg,53,0,10,3.815187437409e-01,1.785476277938e-08
of_gamg,53,0,11,1.336745792472e-01,5.297544347638e-09
of_gamg,53,0,12,8.404034722314e-01,2.619183669950e-08
of_gamg,53,0,13,6.029666491737e-01,1.648375702601e-08
of_gamg,53,0,14,3.970333015089e-01,1.032088758901e-08
of_gamg,53,0,15,1.595965032552e-01,1.720147968509e-09
of_gamg,53,0,16,7.327253551806e-01,5.051013385327e-09
of_gamg,53,0,17,5.559486639035e-01,5.023343074839e-09
of_gamg,53,0,18,4.440513201865e-01,1.720148135043e-09
of_gamg,53,0,19,2.672746372403e-01,0.000000000000e+00
of_gamg,54,0,0,8.742722194970e-01,-3.178822405303e-08
of_gamg,54,0,1,6.243465368663e-01,-6.539647046111e-09
of_gamg,54,0,2,3.756534070440e-01,1.559528794992e-08
of_gamg,54,0,3,1.257277633335e-01,8.247150462548e-09
of_gamg,54,0,4,8.727423093333e-01,3.334320153314e-08
of_gamg,54,0,5,6.231139775183e-01,4.818888110769e-08
of_gamg,54,0,6,3.768859365275e-01,3.673031367946e-08
of_gamg,54,0,7,1.272576545372e-01,6.422019138697e-09
of_gamg,54,0,8,8.663253829945e-01,4.212721504970e-08
of_gamg,54,0,9,6.184811755349e-01,5.128796187748e-08
of_gamg,54,0,10,3.815187437409e-01,1.785476277938e-08
of_gamg,54,0,11,1.336745792472e-01,5.297544347638e-09
of_gamg,54,0,12,8.404034722314e-01,2.619183669950e-08
of_gamg,54,0,13,6.029666491737e-01,1.648375702601e-08
of_gamg,54,0,14,3.970333015089e-01,1.032088758901e-08
of_gamg,54,0,15,1.595965032552e-01,1.720147968509e-09
of_gamg,54,0,16,7.327253551806e-01,5.051013385327e-09
of_gamg,54,0,17,5.559486639035e-01,5.023343074839e-09
of_gamg,54,0,18,4.440513201865e-01,1.720148135043e-09
of_gamg,54,0,19,2.672746372403e-01,0.000000000000e+00
of_gamg,55,0,0,8.742722105524e-01,-1.949655148437e-08
of_gamg,55,0,1,6.243465209452e-01,6.720640932656e-09
of_gamg,55,0,2,3.756533945431e-01,2.274401522673e-08
of_gamg,55,0,3,1.257277589687e-01,9.645518717072e-09
of_gamg,55,0,4,8.727423017678e-01,4.394113428674e-08
of_gamg,55,0,5,6.231139644606e-01,5.796569402250e-08
of_gamg,55,0,6,3.768859264594e-01,4.093688743545e-08
of_gamg,55,0,7,1.272576509774e-01,7.308596283728e-09
of_gamg,55,0,8,8.663253777671e-01,4.892734306594e-08
of_gamg,55,0,9,6.184811666359e-01,5.676802139476e-08
of_gamg,55,0,10,3.815187367934e-01,2.034687396346e-08
of_gamg,55,0,11,1.336745767672e-01,5.804579594759e-09
of_gamg,55,0,12,8.404034693592e-01,2.957916045432e-08
of_gamg,55,0,13,6.029666442903e-01,1.890990852793e-08
of_gamg,55,0,14,3.970332976581e-01,1.132176574714e-08
of_gamg,55,0,15,1.595965018700e-01,1.886961420450e-09
of_gamg,55,0,16,7.327253543176e-01,5.871631625354e-09
of_gamg,55,0,17,5.559486624182e-01,5.517186263404e-09
of_gamg,55,0,18,4.440513190002e-01,1.886960920849e-09
of_gamg,55,0,19,2.672746368117e-01,-2.220446049250e-16
of_gamg,56,1,0,0.000000000000e+00,2.444458280237e-08
of_gamg,56,1,1,0.000000000000e+00,6.468633495516e-08
of_gamg,56,1,2,0.000000000000e+00,6.368090266218e-08
of_gamg,56,1,3,0.000000000000e+00,1.695411500080e-08
of_gamg,56,1,4,0.000000000000e+00,7.850650352026e-08
of_gamg,56,1,5,0.000000000000e+00,7.567792992269e-08
of_gamg,56,1,6,0.000000000000e+00,3.166863971060e-08
of_gamg,56,1,7,0.000000000000e+00,7.691541015209e-09
of_gamg,56,1,8,0.000000000000e+00,1.138881788876e-08
of_gamg,56,1,9,0.000000000000e+00,1.886960698805e-09
of_gamg,57,2,0,0.000000000000e+00,2.284897503424e-07
of_gamg,57,2,1,0.000000000000e+00,2.464565601601e-08
of_gamg,57,2,2,0.000000000000e+00,8.989532140902e-08
of_gamg,57,2,3,0.000000000000e+00,3.355560040941e-08
of_gamg,58,2,0,2.574136089052e-08,0.000000000000e+00
of_gamg,58,2,1,8.518044962792e-09,-6.617444900424e-24
of_gamg,58,2,2,1.362641114739e-08,1.323488980085e-23
of_gamg,58,2,3,1.153540223975e-08,-2.646977960170e-23
of_gamg,59,1,0,1.279338796154e-08,3.341774750207e-08
of_gamg,59,1,1,3.867862788155e-08,-1.806442709695e-08
of_gamg,59,1,2,2.874702332171e-08,4.220085331121e-08
of_gamg,59,1,3,1.099355453495e-08,3.845253986742e-09
of_gamg,59,1,4,2.116962466740e-08,-1.601266381618e-08
of_gamg,59,1,5,2.756155478915e-08,4.406921571627e-08
of_gamg,59,1,6,2.291070242458e-08,-5.269624979391e-09
of_gamg,59,1,7,6.351974087156e-09,1.764257648527e-08
of_gamg,59,1,8,6.921332462936e-09,1.779873962080e-09
of_gamg,59,1,9,3.951868783193e-09,2.504150624744e-09
of_gamg,60,1,0,1.756735189041e-08,-4.811437181602e-09
of_gamg,60,1,1,3.697532803371e-08,2.211040826231e-08
of_gamg,60,1,2,3.650587404482e-08,8.144712876828e-09
of_gamg,60,1,3,1.375969102537e-08,3.204199095958e-09
of_gamg,60,1,4,1.976478718149e-08,1.395960733134e-08
of_gamg,60,1,5,3.415426160525e-08,5.999073491111e-09
of_gamg,60,1,6,2.552314232057e-08,7.418951893674e-09
of_gamg,60,1,7,9.556173183114e-09,1.010553701759e-09
of_gamg,60,1,8,7.695526162076e-09,1.010553701759e-09
of_gamg,60,1,9,4.962422484952e-09,-6.617444900424e-24
of_gamg,61,1,0,1.688000372161e-08,9.953317165200e-09
of_gamg,61,1,1,4.112247041865e-08,8.819645836466e-09
of_gamg,61,1,2,3.979367357416e-08,5.326702207280e-09
of_gamg,61,1,3,1.515680504746e-08,9.340770062554e-10
of_gamg,61,1,4,2.142381957681e-08,5.034052763880e-09
of_gamg,61,1,5,3.639830838303e-08,5.610907534510e-09
of_gamg,61,1,6,2.805561648367e-08,2.313988498918e-09
of_gamg,61,1,7,1.049025018937e-08,4.458344864077e-10
of_gamg,61,1,8,8.241485370394e-09,4.458344864077e-10
of_gamg,61,1,9,5.408256971359e-09,6.617444900424e-24
of_gamg,62,0,0,8.742722217976e-01,4.473394987770e-10
of_gamg,62,0,1,6.243465594233e-01,-2.502443585684e-09
of_gamg,62,0,2,3.756534377238e-01,-5.906737765571e-09
of_gamg,62,0,3,1.257277766513e-01,-1.893229462091e-09
of_gamg,62,0,4,8.727423282146e-01,1.131209792504e-09
of_gamg,62,0,5,6.231140162459e-01,9.966773628634e-09
of_gamg,62,0,6,3.768859711901e-01,9.964592706524e-09
of_gamg,62,0,7,1.272576669883e-01,2.767496398715e-09
of_gamg,62,0,8,8.663254041609e-01,1.349536038475e-08
of_gamg,62,0,9,6.184812161224e-01,4.858518032336e-09
of_gamg,62,0,10,3.815187737668e-01,4.932051655970e-09
of_gamg,62,0,11,1.336745898677e-01,3.436140871838e-09
of_gamg,62,0,12,8.404034899627e-01,-9.686058621838e-09
of_gamg,62,0,13,6.029666751744e-01,2.855351732833e-09
of_gamg,62,0,14,3.970333228191e-01,-1.665974358467e-09
of_gamg,62,0,15,1.595965120196e-01,-7.653834843691e-09
of_gamg,62,0,16,7.327253607924e-01,-1.429665275055e-10
of_gamg,62,0,17,5.559486746487e-01,-8.626745318097e-09
of_gamg,62,0,18,4.440513286498e-01,-6.024027943141e-09
of_gamg,62,0,19,2.672746397573e-01,2.125863596270e-09
of_gamg,63,0,0,8.742722219095e-01,-5.482605480722e-10
of_gamg,63,0,1,6.243465586264e-01,1.200921584399e-10
of_gamg,63,0,2,3.756534354893e-01,1.489229961571e-09
of_gamg,63,0,3,1.257277756194e-01,8.513453830794e-10
of_gamg,63,0,4,8.727423284632e-01,5.103422573427e-09
of_gamg,63,0,5,6.231140186005e-01,5.011656645237e-09
of_gamg,63,0,6,3.768859737112e-01,3.337272236337e-09
of_gamg,63,0,7,1.272576678397e-01,1.354682588328e-09
of_gamg,63,0,8,8.663254069097e-01,1.103032332139e-09
of_gamg,63,0,9,6.184812186128e-01,3.475522758478e-09
of_gamg,63,0,10,3.815187762527e-01,1.807070049153e-09
of_gamg,63,0,11,1.336745912224e-01,-1.169353058827e-09
of_gamg,63,0,12,8.404034885753e-01,7.345262176273e-10
of_gamg,63,0,13,6.029666761640e-01,-1.126056803358e-09
of_gamg,63,0,14,3.970333232715e-01,-2.599370163558e-09
of_gamg,63,0,15,1.595965108502e-01,-7.891776121483e-11
of_gamg,63,0,16,7.327253605373e-01,-1.578443153960e-09
of_gamg,63,0,17,5.559486730702e-01,-1.430016993709e-09
of_gamg,63,0,18,4.440513272198e-01,-7.891731712562e-11
of_gamg,63,0,19,2.672746396783e-01,1.110223024625e-16
of_gamg,64,0,0,8.742722217724e-01,9.876135464992e-10
of_gamg,64,0,1,6.243465586207e-01,1.994341358724e-09
of_gamg,64,0,2,3.756534359838e-01,1.669370863766e-09
of_gamg,64,0,3,1.257277759559e-01,6.048107015211e-10
of_gamg,64,0,4,8.727423294565e-01,1.919078229662e-09
of_gamg,64,0,5,6.231140201003e-01,2.681553867845e-09
of_gamg,64,0,6,3.768859750441e-01,1.726966569748e-09
of_gamg,64,0,7,1.272576684445e-01,1.115227354909e-10
of_gamg,64,0,8,8.663254073289e-01,1.579407937768e-09
of_gamg,64,0,9,6.184812199615e-01,1.235493485297e-09
of_gamg,64,0,10,3.815187773749e-01,-2.294464618302e-10
of_gamg,64,0,11,1.336745913339e-01,-6.167283350678e-11
of_gamg,64,0,12,8.404034888060e-01,-1.112754333121e-10
of_gamg,64,0,13,6.029666762773e-01,-6.492277826453e-10
of_gamg,64,0,14,3.970333229306e-01,-2.073018423587e-10
of_gamg,64,0,15,1.595965107886e-01,-3.455019603749e-11
of_gamg,64,0,16,7.327253603127e-01,-3.082591959469e-10
of_gamg,64,0,17,5.559486727620e-01,-1.456292864077e-10
of_gamg,64,0,18,4.440513270742e-01,-3.455036257094e-11
of_gamg,64,0,19,2.672746396438e-01,1.110223024625e-16
of_gamg,65,0,0,8.742722217724e-01,9.876135464992e-10
of_gamg,65,0,1,6.243465586207e-01,1.994341358724e-09
of_gamg,65,0,2,3.756534359838e-01,1.669370863766e-09
of_gamg,65,0,3,1.257277759559e-01,6.048107015211e-10
of_gamg,65,0,4,8.727423294565e-01,1.919078229662e-09
of_gamg,65,0,5,6.231140201003e-01,2.681553867845e-09
of_gamg,65,0,6,3.768859750441e-01,1.726966569748e-09
of_gamg,65,0,7,1.272576684445e-01,1.115227354909e-10
of_gamg,65,0,8,8.663254073289e-01,1.579407937768e-09
of_gamg,65,0,9,6.184812199615e-01,1.235493485297e-09
of_gamg,65,0,10,3.815187773749e-01,-2.294464618302e-10
of_gamg,65,0,11,1.336745913339e-01,-6.167283350678e-11
of_gamg,65,0,12,8.404034888060e-01,-1.112754333121e-10
of_gamg,65,0,13,6.029666762773e-01,-6.492277826453e-10
of_gamg,65,0,14,3.970333229306e-01,-2.073018423587e-10
of_gamg,65,0,15,1.595965107886e-01,-3.455019603749e-11
of_gamg,65,0,16,7.327253603127e-01,-3.082591959469e-10
of_gamg,65,0,17,5.559486727620e-01,-1.456292864077e-10
of_gamg,65,0,18,4.440513270742e-01,-3.455036257094e-11
of_gamg,65,0,19,2.672746396438e-01,1.110223024625e-16
amgx,0,0,0,0.000000000000e+00,2.000000000000e+00
amgx,0,0,1,0.000000000000e+00,0.000000000000e+00
amgx,0,0,2,0.000000000000e+00,0.000000000000e+00
amgx,0,0,3,0.000000000000e+00,0.000000000000e+00
amgx,0,0,4,0.000000000000e+00,2.000000000000e+00
amgx,0,0,5,0.000000000000e+00,-0.000000000000e+00
amgx,0,0,6,0.000000000000e+00,-0.000000000000e+00
amgx,0,0,7,0.000000000000e+00,0.000000000000e+00
amgx,0,0,8,0.000000000000e+00,2.000000000000e+00
amgx,0,0,9,0.000000000000e+00,-0.000000000000e+00
amgx,0,0,10,0.000000000000e+00,-0.000000000000e+00
amgx,0,0,11,0.000000000000e+00,0.000000000000e+00
amgx,0,0,12,0.000000000000e+00,2.000000000000e+00
amgx,0,0,13,0.000000000000e+00,-0.000000000000e+00
amgx,0,0,14,0.000000000000e+00,-0.000000000000e+00
amgx,0,0,15,0.000000000000e+00,0.000000000000e+00
amgx,0,0,16,0.000000000000e+00,3.000000000000e+00
amgx,0,0,17,0.000000000000e+00,1.000000000000e+00
amgx,0,0,18,0.000000000000e+00,1.000000000000e+00
amgx,0,0,19,0.000000000000e+00,1.000000000000e+00
amgx,1,0,0,3.750000000000e-01,8.000000000000e-01
amgx,1,0,1,0.000000000000e+00,3.750000000000e-01
amgx,1,0,2,0.000000000000e+00,0.000000000000e+00
amgx,1,0,3,0.000000000000e+00,0.000000000000e+00
amgx,1,0,4,3.000000000000e-01,1.175000000000e+00
amgx,1,0,5,0.000000000000e+00,3.000000000000e-01
amgx,1,0,6,0.000000000000e+00,-0.000000000000e+00
amgx,1,0,7,0.000000000000e+00,0.000000000000e+00
amgx,1,0,8,3.000000000000e-01,1.100000000000e+00
amgx,1,0,9,0.000000000000e+00,3.000000000000e-01
amgx,1,0,10,0.000000000000e+00,-0.000000000000e+00
amgx,1,0,11,0.000000000000e+00,0.000000000000e+00
amgx,1,0,12,3.000000000000e-01,1.175000000000e+00
amgx,1,0,13,0.000000000000e+00,4.500000000000e-01
amgx,1,0,14,0.000000000000e+00,1.500000000000e-01
amgx,1,0,15,0.000000000000e+00,1.250000000000e-01
amgx,1,0,16,3.750000000000e-01,1.200000000000e+00
amgx,1,0,17,1.500000000000e-01,7.750000000000e-01
amgx,1,0,18,1.500000000000e-01,5.250000000000e-01
amgx,1,0,19,1.250000000000e-01,4.000000000000e-01
amgx,2,0,0,5.250000000000e-01,4.700000000000e-01
amgx,2,0,1,9.375000000000e-02,3.000000000000e-01
amgx,2,0,2,0.000000000000e+00,9.375000000000e-02
amgx,2,0,3,0.000000000000e+00,0.000000000000e+00
amgx,2,0,4,4.762500000000e-01,6.650000000000e-01
amgx,2,0,5,5.625000000000e-02,4.012500000000e-01
amgx,2,0,6,0.000000000000e+00,5.625000000000e-02
amgx,2,0,7,0.000000000000e+00,0.000000000000e+00
amgx,2,0,8,4.650000000000e-01,6.837500000000e-01
amgx,2,0,9,5.625000000000e-02,3.806250000000e-01
amgx,2,0,10,0.000000000000e+00,8.437500000000e-02
amgx,2,0,11,0.000000000000e+00,1.875000000000e-02
amgx,2,0,12,4.762500000000e-01,6.931250000000e-01
amgx,2,0,13,8.437500000000e-02,4.893750000000e-01
amgx,2,0,14,2.812500000000e-02,2.193750000000e-01
amgx,2,0,15,1.875000000000e-02,1.093750000000e-01
amgx,2,0,16,5.250000000000e-01,5.925000000000e-01
amgx,2,0,17,2.662500000000e-01,5.068750000000e-01
amgx,2,0,18,2.287500000000e-01,3.256250000000e-01
amgx,2,0,19,1.750000000000e-01,1.975000000000e-01
amgx,3,0,0,5.250000000000e-01,4.700000000000e-01
amgx,3,0,1,9.375000000000e-02,3.000000000000e-01
amgx,3,0,2,0.000000000000e+00,9.375000000000e-02
amgx,3,0,3,0.000000000000e+00,0.000000000000e+00
amgx,3,0,4,4.762500000000e-01,6.650000000000e-01
amgx,3,0,5,5.625000000000e-02,4.012500000000e-01
amgx,3,0,6,0.000000000000e+00,5.625000000000e-02
amgx,3,0,7,0.000000000000e+00,0.000000000000e+00
amgx,3,0,8,4.650000000000e-01,6.837500000000e-01
amgx,3,0,9,5.625000000000e-02,3.806250000000e-01
amgx,3,0,10,0.000000000000e+00,8.437500000000e-02
amgx,3,0,11,0.000000000000e+00,1.875000000000e-02
amgx,3,0,12,4.762500000000e-01,6.931250000000e-01
amgx,3,0,13,8.437500000000e-02,4.893750000000e-01
amgx,3,0,14,2.812500000000e-02,2.193750000000e-01
amgx,3,0,15,1.875000000000e-02,1.093750000000e-01
amgx,3,0,16,5.250000000000e-01,5.925000000000e-01
amgx,3,0,17,2.662500000000e-01,5.068750000000e-01
amgx,3,0,18,2.287500000000e-01,3.256250000000e-01
amgx,3,0,19,1.750000000000e-01,1.975000000000e-01
amgx,4,1,0,0.000000000000e+00,7.700000000000e-01
amgx,4,1,1,0.000000000000e+00,9.375000000000e-02
amgx,4,1,2,0.000000000000e+00,1.066250000000e+00
amgx,4,1,3,0.000000000000e+00,5.625000000000e-02
amgx,4,1,4,0.000000000000e+00,1.064375000000e+00
amgx,4,1,5,0.000000000000e+00,1.031250000000e-01
amgx,4,1,6,0.000000000000e+00,1.182500000000e+00
amgx,4,1,7,0.000000000000e+00,3.287500000000e-01
amgx,4,1,8,0.000000000000e+00,1.099375000000e+00
amgx,4,1,9,0.000000000000e+00,5.231250000000e-01
amgx,5,1,0,1.155000000000e-01,4.350446428571e-01
amgx,5,1,1,1.406250000000e-02,1.509910714286e-01
amgx,5,1,2,1.142410714286e-01,7.316696428571e-01
amgx,5,1,3,6.026785714286e-03,1.785267857143e-01
amgx,5,1,4,1.140401785714e-01,7.590178571429e-01
amgx,5,1,5,1.104910714286e-02,2.223214285714e-01
amgx,5,1,6,1.266964285714e-01,7.421577380952e-01
amgx,5,1,7,3.522321428571e-02,3.181696428571e-01
amgx,5,1,8,9.161458333333e-02,5.718303571429e-01
amgx,5,1,9,4.359375000000e-02,2.928422619048e-01
amgx,6,1,0,1.807566964286e-01,2.881961734694e-01
amgx,6,1,1,3.671116071429e-02,1.412602040816e-01
amgx,6,1,2,1.926342474490e-01,4.952053571429e-01
amgx,6,1,3,2.515465561224e-02,2.159625000000e-01
amgx,6,1,4,1.953635204082e-01,5.293947704082e-01
amgx,6,1,5,3.486926020408e-02,2.433386479592e-01
amgx,6,1,6,2.062133290816e-01,4.775807823129e-01
amgx,6,1,7,6.931281887755e-02,2.555066609977e-01
amgx,6,1,8,1.392671130952e-01,3.263949121315e-01
amgx,6,1,9,6.799727182540e-02,1.890423044218e-01
amgx,7,1,0,1.807566964286e-01,2.881961734694e-01
amgx,7,1,1,3.671116071429e-02,1.412602040816e-01
amgx,7,1,2,1.926342474490e-01,4.952053571429e-01
amgx,7,1,3,2.515465561224e-02,2.159625000000e-01
amgx,7,1,4,1.953635204082e-01,5.293947704082e-01
amgx,7,1,5,3.486926020408e-02,2.433386479592e-01
amgx,7,1,6,2.062133290816e-01,4.775807823129e-01
amgx,7,1,7,6.931281887755e-02,2.555066609977e-01
amgx,7,1,8,1.392671130952e-01,3.263949121315e-01
amgx,7,1,9,6.799727182540e-02,1.890423044218e-01
amgx,8,2,0,0.000000000000e+00,7.834015306122e-01
amgx,8,2,1,0.000000000000e+00,3.572227040816e-01
amgx,8,2,2,0.000000000000e+00,1.006975552721e+00
amgx,8,2,3,0.000000000000e+00,4.988453089569e-01
amgx,8,2,4,0.000000000000e+00,5.154372165533e-01
amgx,9,2,0,7.344389349490e-02,4.138759725765e-01
amgx,9,2,1,3.348962850765e-02,3.110202593537e-01
amgx,9,2,2,7.552316645408e-02,5.217807105655e-01
amgx,9,2,3,3.741339817177e-02,3.910591562146e-01
amgx,9,2,4,2.416111952594e-02,3.547324333900e-01
amgx,10,2,0,1.122447659239e-01,2.400523983578e-01
amgx,10,2,1,6.264777782207e-02,2.140156831287e-01
amgx,10,2,2,1.146567197465e-01,2.999619615620e-01
amgx,10,2,3,6.674283488786e-02,2.676043598976e-01
amgx,10,2,4,4.078920234109e-02,2.256090883645e-01
amgx,11,2,0,1.122447659239e-01,2.400523983578e-01
amgx,11,2,1,6.264777782207e-02,2.140156831287e-01
amgx,11,2,2,1.146567197465e-01,2.999619615620e-01
amgx,11,2,3,6.674283488786e-02,2.676043598976e-01
amgx,11,2,4,4.078920234109e-02,2.256090883645e-01
amgx,12,3,0,0.000000000000e+00,4.540680814865e-01
amgx,12,3,1,0.000000000000e+00,7.931754098241e-01
amgx,13,3,0,5.172917498152e-02,-5.551115123126e-17
amgx,13,3,1,4.167050457292e-02,2.220446049250e-16
amgx,14,2,0,1.639739409055e-01,1.301835761453e-02
amgx,14,2,1,1.143769528036e-01,-1.301835761453e-02
amgx,14,2,2,1.563272243194e-01,1.533972840875e-01
amgx,14,2,3,1.084133394608e-01,1.210396824231e-01
amgx,14,2,4,8.245970691402e-02,-2.744369665106e-01
amgx,15,2,0,1.651944119318e-01,2.382323996403e-02
amgx,15,2,1,1.131564817772e-01,1.734230501256e-02
amgx,15,2,2,1.678320206260e-01,3.321774982769e-02
amgx,15,2,3,1.174913156425e-01,2.510010555580e-02
amgx,15,2,4,6.959547410883e-02,-2.744369665106e-02
amgx,16,2,0,1.674278406785e-01,1.419015465501e-02
amgx,16,2,1,1.147823228721e-01,1.256744957977e-02
amgx,16,2,2,1.703233518631e-01,1.396346422251e-02
amgx,16,2,3,1.193738235592e-01,1.193652449192e-02
amgx,16,2,4,6.830905082831e-02,1.886754144760e-03
amgx,17,1,0,3.481845371070e-01,-9.930502569383e-02
amgx,17,1,1,1.514934835864e-01,-3.565892385636e-02
amgx,17,1,2,3.600620881274e-01,1.134951803488e-01
amgx,17,1,3,1.399369784844e-01,4.822637343612e-02
amgx,17,1,4,3.656868722712e-01,1.320075160090e-01
amgx,17,1,5,1.542430837633e-01,4.635752777052e-02
amgx,17,1,6,3.765366809447e-01,-1.180440517865e-01
amgx,17,1,7,1.886866424368e-01,-3.442100327860e-02
amgx,17,1,8,2.075761639236e-01,1.205692092311e-01
amgx,17,1,9,1.363063226537e-01,-1.186824550863e-01
amgx,18,1,0,3.332887832530e-01,-5.854699212873e-03
amgx,18,1,1,1.461446450080e-01,-1.347626193899e-02
amgx,18,1,2,3.722222860220e-01,3.203672367772e-02
amgx,18,1,3,1.451040899240e-01,2.345287004747e-02
amgx,18,1,4,3.798305347008e-01,3.699399881245e-02
amgx,18,1,5,1.592099617387e-01,2.869133797735e-02
amgx,18,1,6,3.638891039676e-01,1.518321548064e-02
amgx,18,1,7,1.849986777998e-01,-3.109948102701e-02
amgx,18,1,8,2.176235980261e-01,-5.043056237003e-03
amgx,18,1,9,1.264161180632e-01,-2.699910894298e-02
amgx,19,1,0,3.324105783710e-01,3.379898122587e-03
amgx,19,1,1,1.441232057171e-01,7.783446434924e-04
amgx,19,1,2,3.756547921303e-01,1.669286412047e-02
amgx,19,1,3,1.476168974291e-01,1.140098889079e-02
amgx,19,1,4,3.837941774307e-01,2.244113002034e-02
amgx,19,1,5,1.622840336648e-01,9.497917728628e-03
amgx,19,1,6,3.655158770548e-01,7.550492704244e-03
amgx,19,1,7,1.816665905469e-01,-4.499804807747e-03
amgx,19,1,8,2.172033433397e-01,-2.571436300762e-04
amgx,19,1,9,1.241661923179e-01,-1.383420642795e-02
amgx,20,0,0,8.574105783710e-01,-1.515769429828e-01
amgx,20,0,1,4.261605783710e-01,1.549568411054e-01
amgx,20,0,2,1.441232057171e-01,2.855310643658e-01
amgx,20,0,3,1.441232057171e-01,-2.847527197223e-01
amgx,20,0,4,8.519047921303e-01,-1.214144127194e-01
amgx,20,0,5,4.319047921303e-01,1.381072768399e-01
amgx,20,0,6,1.476168974291e-01,2.954613392251e-01
amgx,20,0,7,1.476168974291e-01,-2.840603503343e-01
amgx,20,0,8,8.487941774307e-01,-1.102560405376e-01
amgx,20,0,9,4.400441774307e-01,1.326971705579e-01
amgx,20,0,10,1.622840336648e-01,3.106005644121e-01
amgx,20,0,11,1.622840336648e-01,-3.011026466834e-01
amgx,20,0,12,8.417658770548e-01,-1.679409874487e-01
amgx,20,0,13,4.498908770548e-01,1.754914801529e-01
amgx,20,0,14,2.097915905469e-01,3.263413313969e-01
amgx,20,0,15,2.004165905469e-01,-3.308411362047e-01
amgx,20,0,16,7.422033433397e-01,-1.280008396439e-01
amgx,20,0,17,4.834533433397e-01,1.277436960138e-01
amgx,20,0,18,3.529161923179e-01,2.278301646149e-01
amgx,20,0,19,2.991661923179e-01,-2.416643710428e-01
amgx,21,0,0,8.289899015617e-01,-1.736718737727e-02
amgx,21,0,1,4.648997886474e-01,1.075964139660e-01
amgx,21,0,2,2.155059718086e-01,1.121298425246e-01
amgx,21,0,3,9.073207076919e-02,-4.241446638927e-02
amgx,21,0,4,8.336926302224e-01,-4.941757166229e-02
amgx,21,0,5,4.577999065378e-01,1.353335881627e-01
amgx,21,0,6,2.030158985338e-01,1.867717685823e-01
amgx,21,0,7,1.050078448789e-01,-1.141726184293e-01
amgx,21,0,8,8.322557713500e-01,-4.608660068001e-02
amgx,21,0,9,4.649248969103e-01,1.336732593223e-01
amgx,21,0,10,2.205216394921e-01,1.739534643217e-01
amgx,21,0,11,1.171186366623e-01,-1.092732788244e-01
amgx,21,0,12,8.165747289375e-01,-4.161910536962e-02
amgx,21,0,13,4.827955295834e-01,1.239129954395e-01
amgx,21,0,14,2.709805901838e-01,1.572759454667e-01
amgx,21,0,15,1.507904201162e-01,-9.689472779711e-02
amgx,21,0,16,7.262032383842e-01,-3.802980362620e-02
amgx,21,0,17,5.026148977418e-01,8.301499626887e-02
amgx,21,0,18,3.870907170102e-01,1.071000488124e-01
amgx,21,0,19,2.689581459376e-01,-7.586773849918e-02
amgx,22,0,0,8.257335539285e-01,1.514467089784e-02
amgx,22,0,1,4.917988921389e-01,7.705026426991e-02
amgx,22,0,2,2.435384324397e-01,8.199855828384e-02
amgx,22,0,3,8.277935832121e-02,3.029512694246e-04
amgx,22,0,4,8.262799944730e-01,2.851317129698e-03
amgx,22,0,5,4.831749543183e-01,1.134033075149e-01
amgx,22,0,6,2.380356051429e-01,1.155908323532e-01
amgx,22,0,7,8.788195211452e-02,-1.786715226980e-02
amgx,22,0,8,8.253427812480e-01,-1.134156018630e-04
amgx,22,0,9,4.899886330332e-01,1.077303337143e-01
amgx,22,0,10,2.531379140524e-01,1.166700567639e-01
amgx,22,0,11,1.007276448387e-01,-2.636214707975e-02
amgx,22,0,12,8.103318631320e-01,1.162194747232e-03
amgx,22,0,13,5.060292162284e-01,9.174060839270e-02
amgx,22,0,14,3.004698299588e-01,9.669974572420e-02
amgx,22,0,15,1.362562109466e-01,-2.060890131034e-02
amgx,22,0,16,7.214495129310e-01,-3.298067271663e-03
amgx,22,0,17,5.150671471821e-01,5.529871758071e-02
amgx,22,0,18,4.031557243320e-01,5.923303410603e-02
amgx,22,0,19,2.594746786252e-01,-1.743613647251e-02
amgx,23,0,0,8.561315777910e-01,-5.792451633647e-02
amgx,23,0,1,5.099036601814e-01,7.988674313255e-02
amgx,23,0,2,2.525038996240e-01,8.501720045908e-02
amgx,23,0,3,8.582674436674e-02,3.141039225696e-04
amgx,23,0,4,8.566981346462e-01,-7.067042972196e-02
amgx,23,0,5,5.009622462616e-01,1.175780639258e-01
amgx,23,0,6,2.467984947831e-01,1.198461188962e-01
amgx,23,0,7,9.111718176548e-02,-1.852490211958e-02
amgx,23,0,8,8.557264194564e-01,-7.374430421709e-02
amgx,23,0,9,5.080267593615e-01,1.116962489171e-01
amgx,23,0,10,2.624567703775e-01,1.209650731801e-01
amgx,23,0,11,1.044357675580e-01,-2.733262620366e-02
amgx,23,0,12,8.401628990574e-01,-7.242173436920e-02
amgx,23,0,13,5.246578502676e-01,9.511788813362e-02
amgx,23,0,14,3.115311329876e-01,1.002595879566e-01
amgx,23,0,15,1.412722594432e-01,-2.136758414553e-02
amgx,23,0,16,7.480084911938e-01,-1.138595503079e-01
amgx,23,0,17,5.340284977974e-01,2.052109229312e-02
amgx,23,0,18,4.179972398188e-01,2.460024421607e-02
amgx,23,0,19,2.690268125248e-01,-5.489137588710e-02
amgx,24,0,0,8.561315777910e-01,-5.792451633647e-02
amgx,24,0,1,5.099036601814e-01,7.988674313255e-02
amgx,24,0,2,2.525038996240e-01,8.501720045908e-02
amgx,24,0,3,8.582674436674e-02,3.141039225696e-04
amgx,24,0,4,8.566981346462e-01,-7.067042972196e-02
amgx,24,0,5,5.009622462616e-01,1.175780639258e-01
amgx,24,0,6,2.467984947831e-01,1.198461188962e-01
amgx,24,0,7,9.111718176548e-02,-1.852490211958e-02
amgx,24,0,8,8.557264194564e-01,-7.374430421709e-02
amgx,24,0,9,5.080267593615e-01,1.116962489171e-01
amgx,24,0,10,2.624567703775e-01,1.209650731801e-01
amgx,24,0,11,1.044357675580e-01,-2.733262620366e-02
amgx,24,0,12,8.401628990574e-01,-7.242173436920e-02
amgx,24,0,13,5.246578502676e-01,9.511788813362e-02
amgx,24,0,14,3.115311329876e-01,1.002595879566e-01
amgx,24,0,15,1.412722594432e-01,-2.136758414553e-02
amgx,24,0,16,7.480084911938e-01,-1.138595503079e-01
amgx,24,0,17,5.340284977974e-01,2.052109229312e-02
amgx,24,0,18,4.179972398188e-01,2.460024421607e-02
amgx,24,0,19,2.690268125248e-01,-5.489137588710e-02
amgx,25,0,0,-1.086084681309e-02,-5.110007759273e-03
amgx,25,0,1,1.997168578314e-02,5.241102607091e-02
amgx,25,0,2,2.125430011477e-02,6.375602767642e-02
amgx,25,0,3,5.889448548180e-05,1.855409077748e-02
amgx,25,0,4,-1.060056445829e-02,-1.754421289005e-02
amgx,25,0,5,2.204588698609e-02,8.217983127128e-02
amgx,25,0,6,2.247114729303e-02,9.316393272824e-02
amgx,25,0,7,-2.778735317936e-03,1.379892231807e-02
amgx,25,0,8,-1.106164563256e-02,-1.895685399599e-02
amgx,25,0,9,2.094304667195e-02,7.942385882912e-02
amgx,25,0,10,2.268095122127e-02,8.835424107134e-02
amgx,25,0,11,-4.099893930549e-03,9.863921730589e-03
amgx,25,0,12,-1.086326015538e-02,-2.556491898830e-02
amgx,25,0,13,1.783460402505e-02,5.573609513582e-02
amgx,25,0,14,1.879867274187e-02,6.606535124607e-02
amgx,25,0,15,-3.205137621830e-03,2.495460789051e-03
amgx,25,0,16,-1.423244378849e-02,-3.624998388839e-02
amgx,25,0,17,3.078163843968e-03,1.242246994226e-02
amgx,25,0,18,3.690036632411e-03,2.116547565397e-02
amgx,25,0,19,-6.861421985888e-03,-1.323794496120e-02
amgx,26,0,0,-1.181897326795e-02,9.193622644402e-03
amgx,26,0,1,3.307444230086e-02,4.349235534534e-02
amgx,26,0,2,3.719330703388e-02,4.998889284416e-02
amgx,26,0,3,3.537786506259e-03,2.264736796119e-02
amgx,26,0,4,-1.323219639180e-02,7.221010586590e-03
amgx,26,0,5,3.745460534945e-02,6.337629331905e-02
amgx,26,0,6,3.993938467958e-02,7.327496701312e-02
amgx,26,0,7,-7.088969702254e-04,2.587644824643e-02
amgx,26,0,8,-1.390517373196e-02,3.686390249709e-03
amgx,26,0,9,3.583502020241e-02,5.943809301009e-02
amgx,26,0,10,3.924737142215e-02,6.831561280306e-02
amgx,26,0,11,-2.620305670960e-03,2.147655809959e-02
amgx,26,0,12,-1.469799800362e-02,-3.315487994556e-03
amgx,26,0,13,2.828512186302e-02,3.924188331615e-02
amgx,26,0,14,3.118592610051e-02,4.708241631681e-02
amgx,26,0,15,-2.830818503472e-03,1.283596369534e-02
amgx,26,0,16,-1.876369177454e-02,-1.103386332900e-02
amgx,26,0,17,4.941534335307e-03,1.219970868558e-02
amgx,26,0,18,6.864857980506e-03,1.788724964332e-02
amgx,26,0,19,-8.516165106038e-03,2.396542261542e-04
amgx,27,0,0,-1.181897326795e-02,9.193622644402e-03
amgx,27,0,1,3.307444230086e-02,4.349235534534e-02
amgx,27,0,2,3.719330703388e-02,4.998889284416e-02
amgx,27,0,3,3.537786506259e-03,2.264736796119e-02
amgx,27,0,4,-1.323219639180e-02,7.221010586590e-03
amgx,27,0,5,3.745460534945e-02,6.337629331905e-02
amgx,27,0,6,3.993938467958e-02,7.327496701312e-02
amgx,27,0,7,-7.088969702254e-04,2.587644824643e-02
amgx,27,0,8,-1.390517373196e-02,3.686390249709e-03
amgx,27,0,9,3.583502020241e-02,5.943809301009e-02
amgx,27,0,10,3.924737142215e-02,6.831561280306e-02
amgx,27,0,11,-2.620305670960e-03,2.147655809959e-02
amgx,27,0,12,-1.469799800362e-02,-3.315487994556e-03
amgx,27,0,13,2.828512186302e-02,3.924188331615e-02
amgx,27,0,14,3.118592610051e-02,4.708241631681e-02
amgx,27,0,15,-2.830818503472e-03,1.283596369534e-02
amgx,27,0,16,-1.876369177454e-02,-1.103386332900e-02
amgx,27,0,17,4.941534335307e-03,1.219970868558e-02
amgx,27,0,18,6.864857980506e-03,1.788724964332e-02
amgx,27,0,19,-8.516165106038e-03,2.396542261542e-04
amgx,28,1,0,0.000000000000e+00,5.268597798974e-02
amgx,28,1,1,0.000000000000e+00,7.263626080534e-02
amgx,28,1,2,0.000000000000e+00,7.059730390563e-02
amgx,28,1,3,0.000000000000e+00,9.915141525955e-02
amgx,28,1,4,0.000000000000e+00,6.312448325980e-02
amgx,28,1,5,0.000000000000e+00,8.979217090266e-02
amgx,28,1,6,0.000000000000e+00,3.592639532159e-02
amgx,28,1,7,0.000000000000e+00,5.991838001215e-02
amgx,28,1,8,0.000000000000e+00,1.165845356574e-03
amgx,28,1,9,0.000000000000e+00,1.812690386947e-02
amgx,29,1,0,7.902896698461e-03,3.919492731230e-02
amgx,29,1,1,1.089543912080e-02,4.730869374113e-02
amgx,29,1,2,7.563996847032e-03,5.760516027824e-02
amgx,29,1,3,1.062336592067e-02,7.338390838266e-02
amgx,29,1,4,6.763337492121e-03,4.822821753178e-02
amgx,29,1,5,9.620589739570e-03,6.329776491886e-02
amgx,29,1,6,3.849256641599e-03,2.912240780394e-02
amgx,29,1,7,6.419826429873e-03,4.109118176869e-02
amgx,29,1,8,9.715377971454e-05,9.500549944797e-03
amgx,29,1,9,1.510575322456e-03,1.746853260683e-02
amgx,30,1,0,1.378213579531e-02,2.923899880601e-02
amgx,30,1,1,1.799174318197e-02,3.343153575698e-02
amgx,30,1,2,1.373597830541e-02,4.435694791820e-02
amgx,30,1,3,1.848592753309e-02,5.227437344471e-02
amgx,30,1,4,1.193064651338e-02,3.742343664186e-02
amgx,30,1,5,1.640249312373e-02,4.552212671198e-02
amgx,30,1,6,6.969514620593e-03,2.360127160238e-02
amgx,30,1,7,1.082245304795e-02,2.986828229063e-02
amgx,30,1,8,8.888662751143e-04,1.007136449476e-02
amgx,30,1,9,2.966286373025e-03,1.396409888325e-02
amgx,31,1,0,1.378213579531e-02,2.923899880601e-02
amgx,31,1,1,1.799174318197e-02,3.343153575698e-02
amgx,31,1,2,1.373597830541e-02,4.435694791820e-02
amgx,31,1,3,1.848592753309e-02,5.227437344471e-02
amgx,31,1,4,1.193064651338e-02,3.742343664186e-02
amgx,31,1,5,1.640249312373e-02,4.552212671198e-02
amgx,31,1,6,6.969514620593e-03,2.360127160238e-02
amgx,31,1,7,1.082245304795e-02,2.986828229063e-02
amgx,31,1,8,8.888662751143e-04,1.007136449476e-02
amgx,31,1,9,2.966286373025e-03,1.396409888325e-02
amgx,32,2,0,0.000000000000e+00,7.359594672421e-02
amgx,32,2,1,0.000000000000e+00,8.570590920170e-02
amgx,32,2,2,0.000000000000e+00,6.102470824425e-02
amgx,32,2,3,0.000000000000e+00,7.539040900261e-02
amgx,32,2,4,0.000000000000e+00,2.403546337801e-02
amgx,33,2,0,6.899620005395e-03,4.362255089301e-02
amgx,33,2,1,8.034928987659e-03,4.653427866161e-02
amgx,33,2,2,4.576853118318e-03,4.261730311393e-02
amgx,33,2,3,5.654280675196e-03,4.632449115430e-02
amgx,33,2,4,1.126662345844e-03,2.647113343153e-02
amgx,34,2,0,1.098923415161e-02,2.602341043939e-02
amgx,34,2,1,1.239751761218e-02,2.676147163099e-02
amgx,34,2,2,7.773150851863e-03,2.826389650327e-02
amgx,34,2,3,9.128617511768e-03,2.918056426392e-02
amgx,34,2,4,2.367496725447e-03,1.995905249812e-02
amgx,35,2,0,1.098923415161e-02,2.602341043939e-02
amgx,35,2,1,1.239751761218e-02,2.676147163099e-02
amgx,35,2,2,7.773150851863e-03,2.826389650327e-02
amgx,35,2,3,9.128617511768e-03,2.918056426392e-02
amgx,35,2,4,2.367496725447e-03,1.995905249812e-02
amgx,36,3,0,0.000000000000e+00,5.278488207038e-02
amgx,36,3,1,0.000000000000e+00,7.740351326531e-02
amgx,37,3,0,5.795776554229e-03,6.938893903907e-18
amgx,37,3,1,4.191109145093e-03,1.387778780781e-17
amgx,38,2,0,1.678501070584e-02,-3.690305957961e-04
amgx,38,2,1,1.819329416641e-02,3.690305957961e-04
amgx,38,2,2,1.196425999696e-02,1.470879474117e-02
amgx,38,2,3,1.331972665686e-02,1.562546250182e-02
amgx,38,2,4,6.558605870540e-03,-3.033425724300e-02
amgx,39,2,0,1.675041408749e-02,2.183254798939e-03
amgx,39,2,1,1.822789078477e-02,2.366883787511e-03
amgx,39,2,2,1.306741960254e-02,3.107988207324e-03
amgx,39,2,3,1.449163634450e-02,3.338041456813e-03
amgx,39,2,4,5.136687562275e-03,-3.033425724300e-03
amgx,40,2,0,1.695509422489e-02,1.455802640992e-03
amgx,40,2,1,1.844978613985e-02,1.501787440201e-03
amgx,40,2,2,1.330051871809e-02,1.402679883501e-03
amgx,40,2,3,1.474198945376e-02,1.460115643807e-03
amgx,40,2,4,4.994495731448e-03,2.085480185456e-04
amgx,41,1,0,3.073723002019e-02,-3.176497728806e-03
amgx,41,1,1,3.644152932182e-02,-4.962728437675e-03
amgx,41,1,2,3.069107253030e-02,4.632300369798e-03
amgx,41,1,3,3.693571367294e-02,6.464515877876e-03
amgx,41,1,4,2.523116523148e-02,1.957302095493e-02
amgx,41,1,5,3.114448257749e-02,2.201227044098e-02
amgx,41,1,6,2.027003333869e-02,-1.817034107143e-02
amgx,41,1,7,2.556444250171e-02,-2.055215479717e-02
amgx,41,1,8,5.883362006562e-03,-3.283563920642e-03
amgx,41,1,9,7.960782104473e-03,3.492111939187e-03
amgx,42,1,0,3.026075536087e-02,-5.458979043247e-04
amgx,42,1,1,3.569712005617e-02,-3.319033663377e-04
amgx,42,1,2,3.118739042707e-02,5.091971251065e-03
amgx,42,1,3,3.762834037414e-02,5.340543429426e-03
amgx,42,1,4,2.732827461951e-02,4.350704064202e-03
amgx,42,1,5,3.350294012474e-02,4.581397229852e-03
amgx,42,1,6,1.832321108103e-02,-3.097643730652e-03
amgx,42,1,7,2.336242591629e-02,-1.785927205919e-03
amgx,42,1,8,5.609731679842e-03,-4.423526167201e-03
amgx,42,1,9,8.251791432739e-03,-3.804635512746e-03
amgx,43,1,0,3.017887067522e-02,9.048767156249e-04
amgx,43,1,1,3.564733455122e-02,9.795416362153e-04
amgx,43,1,2,3.173295877540e-02,2.613718251236e-03
amgx,43,1,3,3.820054145587e-02,2.762861173609e-03
amgx,43,1,4,2.779442148353e-02,2.005895902195e-03
amgx,43,1,5,3.399380411365e-02,2.373199647950e-03
amgx,43,1,6,1.799132068132e-02,-7.707209093114e-04
amgx,43,1,7,2.317107657280e-02,-4.307501421581e-04
amgx,43,1,8,5.241104499242e-03,-2.086715300621e-03
amgx,43,1,9,7.934738473343e-03,-1.702484745769e-03
amgx,44,0,0,1.835989740727e-02,-4.961003060588e-02
amgx,44,0,1,6.325331297609e-02,5.051490732150e-02
amgx,44,0,2,7.284064158509e-02,4.707363587281e-02
amgx,44,0,3,3.918512105748e-02,-4.609409423660e-02
amgx,44,0,4,1.850076238359e-02,-6.173753235624e-02
amgx,44,0,5,6.918756412485e-02,6.435125060748e-02
amgx,44,0,6,7.813992613545e-02,6.004744008578e-02
amgx,44,0,7,3.749164448564e-02,-5.728457891217e-02
amgx,44,0,8,1.388924775156e-02,-5.776701622768e-02
amgx,44,0,9,6.362944168594e-02,5.977291212988e-02
amgx,44,0,10,7.324117553580e-02,5.550023997430e-02
amgx,44,0,11,3.137349844269e-02,-5.312704032635e-02
amgx,44,0,12,3.293322677695e-03,-4.224524473707e-02
amgx,44,0,13,4.627644254434e-02,4.147452382776e-02
amgx,44,0,14,5.435700267331e-02,3.748904986672e-02
amgx,44,0,15,2.034025806933e-02,-3.791980000888e-02
amgx,44,0,16,-1.352258727529e-02,-1.924806514389e-02
amgx,44,0,17,1.018263883455e-02,1.716134984327e-02
amgx,44,0,18,1.479959645385e-02,1.456047682199e-02
amgx,44,0,19,-5.814266326941e-04,-1.626296156776e-02
amgx,45,0,0,9.058016668671e-03,-9.034410674530e-03
amgx,45,0,1,7.588203980646e-02,2.716111454888e-02
amgx,45,0,2,8.460905055330e-02,2.701338814530e-02
amgx,45,0,3,3.054247838811e-02,-8.347801427772e-03
amgx,45,0,4,9.240132530158e-03,-2.133545677291e-02
amgx,45,0,5,8.125342361375e-02,4.192222566924e-02
amgx,45,0,6,8.939882115153e-02,4.065973663691e-02
amgx,45,0,7,2.889895764882e-02,-1.967394843027e-02
amgx,45,0,8,5.224195317411e-03,-1.883174959657e-02
amgx,45,0,9,7.483686271029e-02,3.652680330010e-02
amgx,45,0,10,8.364747053098e-02,3.540151683507e-02
amgx,45,0,11,2.340444239374e-02,-1.715612192456e-02
amgx,45,0,12,-3.043464032865e-03,-1.385589854370e-02
amgx,45,0,13,5.405291576204e-02,2.484266459723e-02
amgx,45,0,14,6.138619952332e-02,2.405113220153e-02
amgx,45,0,15,1.465228806800e-02,-1.245267939713e-02
amgx,45,0,16,-1.592859541828e-02,-8.574600520043e-03
amgx,45,0,17,1.275684131104e-02,1.184487405883e-02
amgx,45,0,18,1.698366797715e-02,1.121064833603e-02
amgx,45,0,19,-2.614296828664e-03,-7.569638869973e-03
amgx,46,0,0,7.364064667197e-03,1.331357452650e-03
amgx,46,0,1,8.267231844368e-02,1.971009098505e-02
amgx,46,0,2,9.136239758962e-02,1.960211352526e-02
amgx,46,0,3,2.897726562041e-02,1.715304414841e-03
amgx,46,0,4,6.039814014221e-03,-1.992161321204e-03
amgx,46,0,5,8.911384092673e-02,2.854299277678e-02
amgx,46,0,6,9.702252177095e-02,2.846539065057e-02
amgx,46,0,7,2.594786538428e-02,-1.433417544540e-03
amgx,46,0,8,2.399432877927e-03,-3.137865077864e-03
amgx,46,0,9,8.168563832906e-02,2.546313971708e-02
amgx,46,0,10,9.028525493756e-02,2.525902444606e-02
amgx,46,0,11,2.083102410506e-02,-2.470240248676e-03
amgx,46,0,12,-5.121848814420e-03,-2.702562528435e-03
amgx,46,0,13,5.871091537403e-02,1.726737538313e-02
amgx,46,0,14,6.589578681111e-02,1.712226240977e-02
amgx,46,0,15,1.278438615843e-02,-2.123205708927e-03
amgx,46,0,16,-1.700042048329e-02,-2.445303802741e-03
amgx,46,0,17,1.453357241987e-02,8.228990312088e-03
amgx,46,0,18,1.866526522755e-02,8.142775621873e-03
amgx,46,0,19,-3.560501687411e-03,-2.078714376659e-03
amgx,47,0,0,8.732064109340e-01,8.714993972825e-04
amgx,47,0,1,6.216372000740e-01,2.519036211388e-03
amgx,47,0,2,3.732501519599e-01,8.985392973161e-04
amgx,47,0,3,1.241740706001e-01,2.134695311272e-03
amgx,47,0,4,8.720599430593e-01,2.376522556201e-04
amgx,47,0,5,6.209740735396e-01,3.102325550247e-03
amgx,47,0,6,3.748377245028e-01,2.347193147097e-03
amgx,47,0,7,1.255808257519e-01,3.485804628788e-03
amgx,47,0,8,8.663568830784e-01,-3.617353314610e-04
amgx,47,0,9,6.184637520726e-01,8.039329673941e-04
amgx,47,0,10,3.818930399067e-01,-2.135429256947e-03
amgx,47,0,11,1.323781382855e-01,4.682197421708e-03
amgx,47,0,12,8.408989849285e-01,-1.786330872822e-04
amgx,47,0,13,6.054349447331e-01,-5.045000409406e-03
amgx,47,0,14,3.997571155091e-01,-6.716918738025e-03
amgx,47,0,15,1.590990231907e-01,3.411182605135e-03
amgx,47,0,16,7.325244637437e-01,3.327128479189e-03
amgx,47,0,17,5.575749260128e-01,-4.030686119095e-03
amgx,47,0,18,4.458845354679e-01,-5.319591053964e-03
amgx,47,0,19,2.667710447638e-01,4.357290075582e-03
amgx,48,0,0,8.732064109340e-01,8.714993972825e-04
amgx,48,0,1,6.216372000740e-01,2.519036211388e-03
amgx,48,0,2,3.732501519599e-01,8.985392973161e-04
amgx,48,0,3,1.241740706001e-01,2.134695311272e-03
amgx,48,0,4,8.720599430593e-01,2.376522556201e-04
amgx,48,0,5,6.209740735396e-01,3.102325550247e-03
amgx,48,0,6,3.748377245028e-01,2.347193147097e-03
amgx,48,0,7,1.255808257519e-01,3.485804628788e-03
amgx,48,0,8,8.663568830784e-01,-3.617353314610e-04
amgx,48,0,9,6.184637520726e-01,8.039329673941e-04
amgx,48,0,10,3.818930399067e-01,-2.135429256947e-03
amgx,48,0,11,1.323781382855e-01,4.682197421708e-03
amgx,48,0,12,8.408989849285e-01,-1.786330872822e-04
amgx,48,0,13,6.054349447331e-01,-5.045000409406e-03
amgx,48,0,14,3.997571155091e-01,-6.716918738025e-03
amgx,48,0,15,1.590990231907e-01,3.411182605135e-03
amgx,48,0,16,7.325244637437e-01,3.327128479189e-03
amgx,48,0,17,5.575749260128e-01,-4.030686119095e-03
amgx,48,0,18,4.458845354679e-01,-5.319591053964e-03
amgx,48,0,19,2.667710447638e-01,4.357290075582e-03
amgx,49,0,0,1.634061369905e-04,8.832817405105e-04
amgx,49,0,1,6.297590528469e-04,1.599486054838e-03
amgx,49,0,2,2.246348243290e-04,1.694747963120e-03
amgx,49,0,3,4.002553708636e-04,1.281179346465e-03
amgx,49,0,4,3.564783834302e-05,7.502449418477e-04
amgx,49,0,5,5.816860406713e-04,2.031824425219e-03
amgx,49,0,6,4.400987150807e-04,1.515596860415e-03
amgx,49,0,7,5.228706943181e-04,2.414134856397e-03
amgx,49,0,8,-5.426029971914e-05,6.915647377184e-05
amgx,49,0,9,1.507374313864e-04,-6.179215796406e-04
amgx,49,0,10,-4.003929856776e-04,-5.001138178932e-04
amgx,49,0,11,7.023296132562e-04,1.804704454838e-03
amgx,49,0,12,-2.679496309234e-05,-6.289650884048e-04
amgx,49,0,13,-9.459375767637e-04,-3.001332815301e-03
amgx,49,0,14,-1.259422263380e-03,-3.311821514272e-03
amgx,49,0,15,5.116773907702e-04,8.403642606080e-04
amgx,49,0,16,4.158910598986e-04,2.003842388407e-04
amgx,49,0,17,-6.046029178642e-04,-2.335656704733e-03
amgx,49,0,18,-7.979386580946e-04,-2.649261685287e-03
amgx,49,0,19,5.446612594478e-04,8.030612515712e-04
amgx,50,0,0,3.290214633362e-04,7.332286901142e-04
amgx,50,0,1,1.029630566556e-03,1.370140910564e-03
amgx,50,0,2,6.483218151091e-04,1.347954043280e-03
amgx,50,0,3,6.404764983258e-04,1.106102055856e-03
amgx,50,0,4,1.481845796202e-04,7.445171126019e-04
amgx,50,0,5,9.626531203998e-04,1.188678476437e-03
amgx,50,0,6,7.242731264085e-04,1.451902173217e-03
amgx,50,0,7,8.849909227778e-04,1.398634921115e-03
amgx,50,0,8,-4.388682865337e-05,-8.037919972321e-05
amgx,50,0,9,3.487713520379e-05,-4.196610878398e-04
amgx,50,0,10,-4.941643265326e-04,-3.069752050284e-04
amgx,50,0,11,9.730352814819e-04,8.455796404053e-04
amgx,50,0,12,-1.211397263531e-04,-6.845696740494e-04
amgx,50,0,13,-1.508687479633e-03,-1.931853302905e-03
amgx,50,0,14,-1.880388797306e-03,-1.755811235994e-03
amgx,50,0,15,6.377320298614e-04,-3.978714410192e-05
amgx,50,0,16,4.409390897537e-04,-3.945972092606e-04
amgx,50,0,17,-9.549514235742e-04,-1.519005301990e-03
amgx,50,0,18,-1.195327910888e-03,-1.533247804511e-03
amgx,50,0,19,6.450439158942e-04,-7.056930080907e-05
amgx,51,0,0,3.290214633362e-04,7.332286901142e-04
amgx,51,0,1,1.029630566556e-03,1.370140910564e-03
amgx,51,0,2,6.483218151091e-04,1.347954043280e-03
amgx,51,0,3,6.404764983258e-04,1.106102055856e-03
amgx,51,0,4,1.481845796202e-04,7.445171126019e-04
amgx,51,0,5,9.626531203998e-04,1.188678476437e-03
amgx,51,0,6,7.242731264085e-04,1.451902173217e-03
amgx,51,0,7,8.849909227778e-04,1.398634921115e-03
amgx,51,0,8,-4.388682865337e-05,-8.037919972321e-05
amgx,51,0,9,3.487713520379e-05,-4.196610878398e-04
amgx,51,0,10,-4.941643265326e-04,-3.069752050284e-04
amgx,51,0,11,9.730352814819e-04,8.455796404053e-04
amgx,51,0,12,-1.211397263531e-04,-6.845696740494e-04
amgx,51,0,13,-1.508687479633e-03,-1.931853302905e-03
amgx,51,0,14,-1.880388797306e-03,-1.755811235994e-03
amgx,51,0,15,6.377320298614e-04,-3.978714410192e-05
amgx,51,0,16,4.409390897537e-04,-3.945972092606e-04
amgx,51,0,17,-9.549514235742e-04,-1.519005301990e-03
amgx,51,0,18,-1.195327910888e-03,-1.533247804511e-03
amgx,51,0,19,6.450439158942e-04,-7.056930080907e-05
amgx,52,1,0,0.000000000000e+00,2.103369600678e-03
amgx,52,1,1,0.000000000000e+00,2.454056099136e-03
amgx,52,1,2,0.000000000000e+00,1.933195589038e-03
amgx,52,1,3,0.000000000000e+00,2.850537094332e-03
amgx,52,1,4,0.000000000000e+00,-5.000402875630e-04
amgx,52,1,5,0.000000000000e+00,5.386044353769e-04
amgx,52,1,6,0.000000000000e+00,-2.616422976954e-03
amgx,52,1,7,0.000000000000e+00,-1.795598380096e-03
amgx,52,1,8,0.000000000000e+00,-1.913602511251e-03
amgx,52,1,9,0.000000000000e+00,-1.603817105320e-03
amgx,53,1,0,3.155054401017e-04,1.308207012691e-03
amgx,53,1,1,3.681084148703e-04,1.539848842242e-03
amgx,53,1,2,2.071280988255e-04,1.312572975949e-03
amgx,53,1,3,3.054146886784e-04,1.771394438301e-03
amgx,53,1,4,-5.357574509604e-05,-2.137083226537e-04
amgx,53,1,5,5.770761807610e-05,3.071336596560e-04
amgx,53,1,6,-2.803310332451e-04,-1.272576527030e-03
amgx,53,1,7,-1.923855407245e-04,-8.811182430036e-04
amgx,53,1,8,-1.594668759376e-04,-1.172714119746e-03
amgx,53,1,9,-1.336514254434e-04,-9.451922337168e-04
amgx,54,1,0,5.117364920053e-04,8.392947172125e-04
amgx,54,1,1,5.990857412067e-04,9.607777849574e-04
amgx,54,1,2,3.477609176773e-04,8.646029684725e-04
amgx,54,1,3,4.952069499250e-04,1.111250436740e-03
amgx,54,1,4,-7.647306538037e-05,-1.194923521763e-05
amgx,54,1,5,9.061479589638e-05,2.446595650506e-04
amgx,54,1,6,-4.166785182840e-04,-6.537966516534e-04
amgx,54,1,7,-2.867910667606e-04,-4.483447291021e-04
amgx,54,1,8,-2.571930525831e-04,-6.446395194909e-04
amgx,54,1,9,-2.124174449198e-04,-5.228352871469e-04
amgx,55,1,0,5.117364920053e-04,8.392947172125e-04
amgx,55,1,1,5.990857412067e-04,9.607777849574e-04
amgx,55,1,2,3.477609176773e-04,8.646029684725e-04
amgx,55,1,3,4.952069499250e-04,1.111250436740e-03
amgx,55,1,4,-7.647306538037e-05,-1.194923521763e-05
amgx,55,1,5,9.061479589638e-05,2.446595650506e-04
amgx,55,1,6,-4.166785182840e-04,-6.537966516534e-04
amgx,55,1,7,-2.867910667606e-04,-4.483447291021e-04
amgx,55,1,8,-2.571930525831e-04,-6.446395194909e-04
amgx,55,1,9,-2.124174449198e-04,-5.228352871469e-04
amgx,56,2,0,0.000000000000e+00,1.703897685685e-03
amgx,56,2,1,0.000000000000e+00,2.072028221698e-03
amgx,56,2,2,0.000000000000e+00,-6.657458868710e-04
amgx,56,2,3,0.000000000000e+00,-2.036851640514e-04
amgx,56,2,4,0.000000000000e+00,-1.167474806638e-03
amgx,57,2,0,1.597404080330e-04,7.146178299590e-04
amgx,57,2,1,1.942526457842e-04,8.069350968827e-04
amgx,57,2,2,-4.993094151532e-05,1.304080661819e-05
amgx,57,2,3,-1.527638730386e-05,1.282713544025e-04
amgx,57,2,4,-5.472538156115e-05,-4.222833592978e-04
amgx,58,2,0,2.267358295916e-04,3.319109091480e-04
amgx,58,2,1,2.699028111169e-04,3.549653204984e-04
amgx,58,2,2,-4.895288101896e-05,1.169026829981e-04
amgx,58,2,3,-5.656035723668e-06,1.457352253247e-04
amgx,58,2,4,-7.451991402823e-05,-8.437401567134e-05
amgx,59,2,0,2.267358295916e-04,3.319109091480e-04
amgx,59,2,1,2.699028111169e-04,3.549653204984e-04
amgx,59,2,2,-4.895288101896e-05,1.169026829981e-04
amgx,59,2,3,-5.656035723668e-06,1.457352253247e-04
amgx,59,2,4,-7.451991402823e-05,-8.437401567134e-05
amgx,60,3,0,0.000000000000e+00,6.868762296463e-04
amgx,60,3,1,0.000000000000e+00,1.782638926514e-04
amgx,61,3,0,6.322825397837e-05,-1.084202172486e-19
amgx,61,3,1,1.796570452354e-05,1.084202172486e-19
amgx,62,2,0,2.899640835700e-04,-1.152720567519e-05
amgx,62,2,1,3.331310650953e-04,1.152720567519e-05
amgx,62,2,2,-3.098717649542e-05,1.355649638136e-04
amgx,62,2,3,1.230966879987e-05,1.643975061402e-04
amgx,62,2,4,-5.655420950469e-05,-2.999624699538e-04
amgx,63,2,0,2.888834080380e-04,1.961429421734e-05
amgx,63,2,1,3.342117406273e-04,2.538007627573e-05
amgx,63,2,2,-2.081980420940e-05,2.826803425216e-05
amgx,63,2,3,2.463948176039e-05,3.547399061302e-05
amgx,63,2,4,-7.061495028378e-05,-2.999624699538e-05
amgx,64,2,0,2.907222481208e-04,1.390254299386e-05
amgx,64,2,1,3.365911227782e-04,1.534379782664e-05
amgx,64,2,2,-1.869970164049e-05,1.325363916493e-05
amgx,64,2,3,2.730003105636e-05,1.505531893696e-05
amgx,64,2,4,-7.202102436169e-05,2.062241980932e-06
amgx,65,1,0,8.024587401262e-04,3.037190956282e-04
amgx,65,1,1,9.356768639849e-04,2.417266647437e-04
amgx,65,1,2,6.384831657981e-04,-2.898165526344e-04
amgx,65,1,3,8.317980727032e-04,-2.263828669170e-04
amgx,65,1,4,-9.517276702086e-05,6.902938002828e-04
amgx,65,1,5,1.179148269527e-04,7.626419536847e-04
amgx,65,1,6,-4.353782199245e-04,-6.770401611179e-04
amgx,65,1,7,-2.594910357043e-04,-7.475866347478e-04
amgx,65,1,8,-3.292140769448e-04,-1.058707278784e-04
amgx,65,1,9,-2.844384692815e-04,1.079329698593e-04
amgx,66,1,0,8.480166044704e-04,5.008522662553e-05
amgx,66,1,1,9.719358636964e-04,5.747891619079e-05
amgx,66,1,2,6.074313923016e-04,1.423263834208e-04
amgx,66,1,3,8.075427655335e-04,1.482937849869e-04
amgx,66,1,4,-2.121271699055e-05,4.710150644715e-05
amgx,66,1,5,1.996264648475e-04,5.591278809474e-05
amgx,66,1,6,-5.079182371872e-04,-1.190836295406e-04
amgx,66,1,7,-3.395896037130e-04,-7.802457185011e-05
amgx,66,1,8,-3.380366376013e-04,-1.625533023399e-04
amgx,66,1,9,-2.754440551265e-04,-1.420364542091e-04
amgx,67,1,0,8.555293884642e-04,5.164165481803e-05
amgx,67,1,1,9.805577011251e-04,5.365975268157e-05
amgx,67,1,2,6.226806476681e-04,7.658896361584e-05
amgx,67,1,3,8.234313853536e-04,8.154768820506e-05
amgx,67,1,4,-1.616612701407e-05,2.274662259626e-05
amgx,67,1,5,2.056171207148e-04,3.408247552948e-05
amgx,67,1,6,-5.206771974951e-04,-5.512972004421e-05
amgx,67,1,7,-3.479493792683e-04,-4.395653390404e-05
amgx,67,1,8,-3.515827461296e-04,-7.799261738492e-05
amgx,67,1,9,-2.872804263106e-04,-6.577477319133e-05
amgx,68,0,0,1.184550851800e-03,-1.210678827610e-03
amgx,68,0,1,1.885159955021e-03,1.262320482428e-03
amgx,68,0,2,1.628879516234e-03,1.065799414847e-03
amgx,68,0,3,1.621034199451e-03,-1.012139662166e-03
amgx,68,0,4,7.708652272882e-04,-9.068422166202e-04
amgx,68,0,5,1.585333768068e-03,9.834311802360e-04
amgx,68,0,6,1.547704511762e-03,7.904634866643e-04
amgx,68,0,7,1.708422308131e-03,-7.089157984592e-04
amgx,68,0,8,-6.005295566744e-05,8.628875850607e-05
amgx,68,0,9,1.871100818972e-05,-6.354213590980e-05
amgx,68,0,10,-2.885472058177e-04,-4.645106881017e-04
amgx,68,0,11,1.178652402197e-03,4.985931636312e-04
amgx,68,0,12,-6.418169238481e-04,1.030390242787e-03
amgx,68,0,13,-2.029364677128e-03,-1.085519962831e-03
amgx,68,0,14,-2.228338176574e-03,-1.314303601280e-03
amgx,68,0,15,2.897826505931e-04,1.270347067376e-03
amgx,68,0,16,8.935634362407e-05,8.426393238926e-04
amgx,68,0,17,-1.306534169704e-03,-9.206319412775e-04
amgx,68,0,18,-1.482608337198e-03,-1.083658224667e-03
amgx,68,0,19,3.577634895836e-04,1.017883451476e-03
amgx,69,0,0,9.575485716235e-04,-1.231159187885e-04
amgx,69,0,1,2.200740075628e-03,5.394210404362e-04
amgx,69,0,2,1.895329369946e-03,5.404656914124e-04
amgx,69,0,3,1.431258012795e-03,-9.292243159849e-05
amgx,69,0,4,6.348388947952e-04,-2.563761742618e-04
amgx,69,0,5,1.769727114362e-03,5.617093364395e-04
amgx,69,0,6,1.695916415512e-03,4.550259478842e-04
amgx,69,0,7,1.602084938362e-03,-1.440042579766e-04
amgx,69,0,8,-4.710964189153e-05,2.819024306849e-05
amgx,69,0,9,6.796857706630e-06,-1.091796209573e-04
amgx,69,0,10,-3.756429598368e-04,-1.514728694542e-04
amgx,69,0,11,1.253441376741e-03,1.217672272262e-04
amgx,69,0,12,-4.872583874301e-04,1.723357969284e-04
amgx,69,0,13,-2.232899670159e-03,-5.132623212044e-04
amgx,69,0,14,-2.474770101814e-03,-5.912033209636e-04
amgx,69,0,15,4.803347106994e-04,2.731792475831e-04
amgx,69,0,16,1.946862591106e-04,2.271235761996e-04
amgx,69,0,17,-1.444628960896e-03,-4.909117965637e-04
amgx,69,0,18,-1.645157070898e-03,-5.282058411638e-04
amgx,69,0,19,4.849989210180e-04,2.824741892752e-04
amgx,70,0,0,9.344643368506e-04,6.561985427265e-05
amgx,70,0,1,2.335595335737e-03,3.522079487717e-04
amgx,70,0,2,2.030445792799e-03,3.378660922657e-04
amgx,70,0,3,1.413835056870e-03,9.028517625698e-05
amgx,70,0,4,5.963824686559e-04,2.237075870439e-05
amgx,70,0,5,1.875047614945e-03,3.016723543785e-04
amgx,70,0,6,1.781233780740e-03,3.041916086874e-04
amgx,70,0,7,1.580484299666e-03,5.015842889334e-05
amgx,70,0,8,-4.288110543126e-05,-2.602967476238e-05
amgx,70,0,9,-1.367432122286e-05,-4.238371644512e-05
amgx,70,0,10,-4.040441228595e-04,-6.560756966151e-05
amgx,70,0,11,1.271706460825e-03,2.141689222485e-05
amgx,70,0,12,-4.614080178908e-04,-2.053375250851e-05
amgx,70,0,13,-2.329136355385e-03,-3.074237818566e-04
amgx,70,0,14,-2.585620724495e-03,-3.106926675265e-04
amgx,70,0,15,5.213115978369e-04,1.101854695843e-05
amgx,70,0,16,2.230767061356e-04,8.994494104600e-06
amgx,70,0,17,-1.518265730380e-03,-2.698050635164e-04
amgx,70,0,18,-1.724387947073e-03,-2.812295787968e-04
amgx,70,0,19,5.203081946774e-04,3.236455828169e-05
amgx,71,0,0,8.742235124274e-01,6.691711031352e-05
amgx,71,0,1,6.242474952675e-01,1.233070696181e-04
amgx,71,0,2,3.755427108420e-01,2.153729969848e-04
amgx,71,0,3,1.257252850643e-01,-5.184119099791e-05
amgx,71,0,4,8.727134715524e-01,7.719942721093e-05
amgx,71,0,5,6.230995696028e-01,-8.473307783874e-06
amgx,71,0,6,3.768707251912e-01,4.439962843942e-05
amgx,71,0,7,1.273065882241e-01,-1.699817175058e-04
amgx,71,0,8,8.663214751590e-01,7.002986106072e-05
amgx,71,0,9,6.185581130922e-01,-2.114104526225e-04
amgx,71,0,10,3.815784317245e-01,-4.139189517784e-05
amgx,71,0,11,1.337669491473e-01,-2.750970084242e-04
amgx,71,0,12,8.404058210114e-01,6.189795922183e-05
amgx,71,0,13,6.030215654300e-01,-7.276364864820e-05
amgx,71,0,14,3.970765475721e-01,3.471290793062e-05
amgx,71,0,15,1.596746287793e-01,-2.038917208511e-04
amgx,71,0,16,7.327479624271e-01,-1.089371556016e-04
amgx,71,0,17,5.559730163958e-01,-2.927685961330e-05
amgx,71,0,18,4.440662772623e-01,4.393311305459e-05
amgx,71,0,19,2.673257554566e-01,-2.136266977538e-04
amgx,72,0,0,8.742235124274e-01,6.691711031352e-05
amgx,72,0,1,6.242474952675e-01,1.233070696181e-04
amgx,72,0,2,3.755427108420e-01,2.153729969848e-04
amgx,72,0,3,1.257252850643e-01,-5.184119099791e-05
amgx,72,0,4,8.727134715524e-01,7.719942721093e-05
amgx,72,0,5,6.230995696028e-01,-8.473307783874e-06
amgx,72,0,6,3.768707251912e-01,4.439962843942e-05
amgx,72,0,7,1.273065882241e-01,-1.699817175058e-04
amgx,72,0,8,8.663214751590e-01,7.002986106072e-05
amgx,72,0,9,6.185581130922e-01,-2.114104526225e-04
amgx,72,0,10,3.815784317245e-01,-4.139189517784e-05
amgx,72,0,11,1.337669491473e-01,-2.750970084242e-04
amgx,72,0,12,8.404058210114e-01,6.189795922183e-05
amgx,72,0,13,6.030215654300e-01,-7.276364864820e-05
amgx,72,0,14,3.970765475721e-01,3.471290793062e-05
amgx,72,0,15,1.596746287793e-01,-2.038917208511e-04
amgx,72,0,16,7.327479624271e-01,-1.089371556016e-04
amgx,72,0,17,5.559730163958e-01,-2.927685961330e-05
amgx,72,0,18,4.440662772623e-01,4.393311305459e-05
amgx,72,0,19,2.673257554566e-01,-2.136266977538e-04
amgx,73,0,0,1.254695818379e-05,5.913595906454e-05
amgx,73,0,1,3.082676740452e-05,9.562822962502e-05
amgx,73,0,2,5.384324924619e-05,8.327472367100e-05
amgx,73,0,3,-9.720223312108e-06,1.538569387085e-05
amgx,73,0,4,1.157991408164e-05,4.076254893615e-05
amgx,73,0,5,-1.588745209476e-06,8.973825005873e-06
amgx,73,0,6,8.324930332391e-06,3.009617317486e-05
amgx,73,0,7,-2.549725762587e-05,-8.515527361980e-05
amgx,73,0,8,1.050447915911e-05,-1.267386636619e-06
amgx,73,0,9,-3.963945986671e-05,-6.534104367337e-05
amgx,73,0,10,-7.760980345844e-06,-7.641838435542e-05
amgx,73,0,11,-4.126455126363e-05,-1.326162482054e-04
amgx,73,0,12,9.284693883275e-06,-1.281359607172e-06
amgx,73,0,13,-1.364318412154e-05,-4.642853685049e-05
amgx,73,0,14,6.508670236991e-06,-3.671972865420e-05
amgx,73,0,15,-3.058375812766e-05,-1.124321484586e-04
amgx,73,0,16,-1.361714445020e-05,-2.234112395912e-05
amgx,73,0,17,-4.391528941995e-06,-2.798957651687e-05
amgx,73,0,18,6.589966958188e-06,-1.360291766059e-05
amgx,73,0,19,-2.670333721923e-05,-7.740046560793e-05
amgx,74,0,0,2.363495050839e-05,4.480542951281e-05
amgx,74,0,1,5.473382481078e-05,5.749632283721e-05
amgx,74,0,2,7.466193016394e-05,5.325358839507e-05
amgx,74,0,3,-6.835405711325e-06,1.189181334249e-05
amgx,74,0,4,1.769429642206e-05,2.277111375175e-05
amgx,74,0,5,9.384697912485e-08,2.565648277968e-05
amgx,74,0,6,1.396796280268e-05,2.923578290454e-06
amgx,74,0,7,-3.827054866884e-05,-3.265340556469e-05
amgx,74,0,8,1.031437116361e-05,-6.646113948565e-06
amgx,74,0,9,-5.189090555547e-05,-3.787657445134e-05
amgx,74,0,10,-2.208942741249e-05,-5.249039566080e-05
amgx,74,0,11,-6.115698849444e-05,-7.712062242976e-05
amgx,74,0,12,9.092489942199e-06,-1.200843905164e-05
amgx,74,0,13,-2.234853478100e-05,-3.513416944265e-05
amgx,74,0,14,-3.762788856723e-07,-5.111898980754e-05
amgx,74,0,15,-4.744858039646e-05,-6.456048166913e-05
amgx,74,0,16,-1.640978494509e-05,-9.975921408387e-06
amgx,74,0,17,-8.589965419526e-06,-2.053582293266e-05
amgx,74,0,18,4.549529309100e-06,-2.415917321633e-05
amgx,74,0,19,-3.637839542022e-05,-3.825537631987e-05
amgx,75,0,0,2.363495050839e-05,4.480542951281e-05
amgx,75,0,1,5.473382481078e-05,5.749632283721e-05
amgx,75,0,2,7.466193016394e-05,5.325358839507e-05
amgx,75,0,3,-6.835405711325e-06,1.189181334249e-05
amgx,75,0,4,1.769429642206e-05,2.277111375175e-05
amgx,75,0,5,9.384697912485e-08,2.565648277968e-05
amgx,75,0,6,1.396796280268e-05,2.923578290454e-06
amgx,75,0,7,-3.827054866884e-05,-3.265340556469e-05
amgx,75,0,8,1.031437116361e-05,-6.646113948565e-06
amgx,75,0,9,-5.189090555547e-05,-3.787657445134e-05
amgx,75,0,10,-2.208942741249e-05,-5.249039566080e-05
amgx,75,0,11,-6.115698849444e-05,-7.712062242976e-05
amgx,75,0,12,9.092489942199e-06,-1.200843905164e-05
amgx,75,0,13,-2.234853478100e-05,-3.513416944265e-05
amgx,75,0,14,-3.762788856723e-07,-5.111898980754e-05
amgx,75,0,15,-4.744858039646e-05,-6.456048166913e-05
amgx,75,0,16,-1.640978494509e-05,-9.975921408387e-06
amgx,75,0,17,-8.589965419526e-06,-2.053582293266e-05
amgx,75,0,18,4.549529309100e-06,-2.415917321633e-05
amgx,75,0,19,-3.637839542022e-05,-3.825537631987e-05
amgx,76,1,0,0.000000000000e+00,1.023017523500e-04
amgx,76,1,1,0.000000000000e+00,6.514540173757e-05
amgx,76,1,2,0.000000000000e+00,4.842759653142e-05
amgx,76,1,3,0.000000000000e+00,-2.972982727424e-05
amgx,76,1,4,0.000000000000e+00,-4.452268839991e-05
amgx,76,1,5,0.000000000000e+00,-1.296110180906e-04
amgx,76,1,6,0.000000000000e+00,-4.714260849429e-05
amgx,76,1,7,0.000000000000e+00,-1.156794714767e-04
amgx,76,1,8,0.000000000000e+00,-3.051174434105e-05
amgx,76,1,9,0.000000000000e+00,-6.241454953620e-05
amgx,77,1,0,1.534526285250e-05,4.572459046202e-05
amgx,77,1,1,9.771810260635e-06,2.526093601384e-05
amgx,77,1,2,5.188671056938e-06,3.007151011564e-05
amgx,77,1,3,-3.185338636526e-06,-1.047395483119e-05
amgx,77,1,4,-4.770288042847e-06,-2.474221231601e-05
amgx,77,1,5,-1.388689479542e-05,-6.833217801211e-05
amgx,77,1,6,-5.050993767246e-06,-3.880574801956e-05
amgx,77,1,7,-1.239422908679e-05,-7.214707614995e-05
amgx,77,1,8,-2.542645361754e-06,-2.293113608110e-05
amgx,77,1,9,-5.201212461350e-06,-4.293474091938e-05
amgx,78,1,0,2.220395142181e-05,2.166418304236e-05
amgx,78,1,1,1.356095066271e-05,1.092950368037e-05
amgx,78,1,2,8.410618569328e-06,1.481114258217e-05
amgx,78,1,3,-4.307548082724e-06,-6.460869965278e-06
amgx,78,1,4,-7.421239362420e-06,-1.537848027400e-05
amgx,78,1,5,-2.120819958243e-05,-3.743850246142e-05
amgx,78,1,6,-9.208752483627e-06,-2.655523953076e-05
amgx,78,1,7,-2.012427296000e-05,-4.399292748112e-05
amgx,78,1,8,-4.453573368513e-06,-1.762619652965e-05
amgx,78,1,9,-8.779107537965e-06,-2.810470098302e-05
amgx,79,1,0,2.220395142181e-05,2.166418304236e-05
amgx,79,1,1,1.356095066271e-05,1.092950368037e-05
amgx,79,1,2,8.410618569328e-06,1.481114258217e-05
amgx,79,1,3,-4.307548082724e-06,-6.460869965278e-06
amgx,79,1,4,-7.421239362420e-06,-1.537848027400e-05
amgx,79,1,5,-2.120819958243e-05,-3.743850246142e-05
amgx,79,1,6,-9.208752483627e-06,-2.655523953076e-05
amgx,79,1,7,-2.012427296000e-05,-4.399292748112e-05
amgx,79,1,8,-4.453573368513e-06,-1.762619652965e-05
amgx,79,1,9,-8.779107537965e-06,-2.810470098302e-05
amgx,80,2,0,0.000000000000e+00,3.647532562453e-05
amgx,80,2,1,0.000000000000e+00,4.468633715088e-06
amgx,80,2,2,0.000000000000e+00,-4.193371980476e-05
amgx,80,2,3,0.000000000000e+00,-8.143142994254e-05
amgx,80,2,4,0.000000000000e+00,-4.573089751267e-05
amgx,81,2,0,3.419561777300e-06,3.666642256999e-06
amgx,81,2,1,4.189344107895e-07,-4.258432508009e-06
amgx,81,2,2,-3.145028985357e-06,-2.014629252978e-05
amgx,81,2,3,-6.107357245690e-06,-3.009731827658e-05
amgx,81,2,4,-2.143635820907e-06,-2.993749684026e-05
amgx,82,2,0,3.763309488894e-06,-2.903739410469e-06
amgx,82,2,1,1.970636316372e-08,-4.891710445302e-06
amgx,82,2,2,-4.656000925091e-06,-1.167031577952e-05
amgx,82,2,3,-8.364656116434e-06,-1.415136987264e-05
amgx,82,2,4,-3.546955985294e-06,-1.502091583102e-05
amgx,83,2,0,3.763309488894e-06,-2.903739410469e-06
amgx,83,2,1,1.970636316372e-08,-4.891710445302e-06
amgx,83,2,2,-4.656000925091e-06,-1.167031577952e-05
amgx,83,2,3,-8.364656116434e-06,-1.415136987264e-05
amgx,83,2,4,-3.546955985294e-06,-1.502091583102e-05
amgx,84,3,0,0.000000000000e+00,-7.795449855772e-06
amgx,84,3,1,0.000000000000e+00,-4.084260148318e-05
amgx,85,3,0,-1.288460303203e-06,1.694065894509e-21
amgx,85,3,1,-1.916518445666e-06,0.000000000000e+00
amgx,86,2,0,2.474849185691e-06,9.939855174164e-07
amgx,86,2,1,-1.268753940039e-06,-9.939855174164e-07
amgx,86,2,2,-6.572519370757e-06,-2.748125711929e-06
amgx,86,2,3,-1.028117456210e-05,-5.229179805047e-06
amgx,86,2,4,-5.463474430960e-06,7.977305516976e-06
amgx,87,2,0,2.568035327948e-06,-3.500947619508e-07
amgx,87,2,1,-1.361940082297e-06,-8.465010655956e-07
amgx,87,2,2,-6.778628799152e-06,-5.371637220072e-07
amgx,87,2,3,-1.067336304748e-05,-1.158013700350e-06
amgx,87,2,4,-5.089538234852e-06,7.977305516976e-07
amgx,88,2,0,2.535213944015e-06,-3.268171985879e-07
amgx,88,2,1,-1.441299557197e-06,-4.509700893172e-07
amgx,88,2,2,-6.818916078302e-06,-2.988485141984e-07
amgx,88,2,3,-1.076021407501e-05,-4.540096939662e-07
amgx,88,2,4,-5.052144615241e-06,-5.484397542921e-08
amgx,89,1,0,2.473916536582e-05,1.261724165312e-05
amgx,89,1,1,1.211965110551e-05,1.778861629597e-05
amgx,89,1,2,1.094583251334e-05,-1.294405885171e-05
amgx,89,1,3,-5.748847639921e-06,-1.823958638529e-05
amgx,89,1,4,-1.424015544072e-05,1.302631393054e-05
amgx,89,1,5,-3.196841365744e-05,6.661052720915e-06
amgx,89,1,6,-1.602766856193e-05,-1.332516244474e-05
amgx,89,1,7,-3.088448703500e-05,-7.115062414881e-06
amgx,89,1,8,-9.505717983754e-06,9.153128235672e-06
amgx,89,1,9,-1.383125215321e-05,-9.207972211101e-06
amgx,90,1,0,2.663175161379e-05,3.048875960881e-06
amgx,90,1,1,1.478794354991e-05,2.431257525113e-06
amgx,90,1,2,9.558969064947e-06,1.386269369701e-06
amgx,90,1,3,-7.703089038345e-06,8.171932842682e-07
amgx,90,1,4,-1.284447894816e-05,-1.658856146505e-06
amgx,90,1,5,-3.125472943734e-05,-2.372199355821e-06
amgx,90,1,6,-1.745536453815e-05,2.232556306629e-07
amgx,90,1,7,-3.164681515088e-05,-3.313755174930e-06
amgx,90,1,8,-8.742957297448e-06,-1.334440911118e-06
amgx,90,1,9,-1.459858317080e-05,-3.063888598229e-06
amgx,91,1,0,2.708908300792e-05,1.423965341066e-06
amgx,91,1,1,1.515263217868e-05,1.240258622039e-06
amgx,91,1,2,9.707497925986e-06,9.933173797529e-07
amgx,91,1,3,-7.615532615030e-06,5.738760062500e-07
amgx,91,1,4,-1.302221353529e-05,-3.239800389578e-07
amgx,91,1,5,-3.150889365403e-05,-1.305761974080e-06
amgx,91,1,6,-1.743144429201e-05,-8.771072824189e-07
amgx,91,1,7,-3.200186034819e-05,-1.823495080685e-06
amgx,91,1,8,-8.854160706708e-06,-5.410937853470e-07
amgx,91,1,9,-1.485390722065e-05,-1.587265953445e-06
amgx,92,0,0,5.072403351631e-05,-2.675432158496e-05
amgx,92,0,1,8.182290781870e-05,2.817828692603e-05
amgx,92,0,2,8.981456234262e-05,4.242187443061e-05
amgx,92,0,3,8.317226467352e-06,-4.118161580857e-05
amgx,92,0,4,2.740179434805e-05,-1.992008479566e-06
amgx,92,0,5,9.801344905111e-06,2.985325859319e-06
amgx,92,0,6,6.352430187646e-06,1.912141258618e-05
amgx,92,0,7,-4.588608128387e-05,-1.854753657993e-05
amgx,92,0,8,-2.707842371675e-06,3.771879382657e-05
amgx,92,0,9,-6.491311909076e-05,-3.804277386553e-05
amgx,92,0,10,-5.359832106652e-05,-1.060332119722e-05
amgx,92,0,11,-9.266588214848e-05,9.297559223141e-06
amgx,92,0,12,-8.338954349810e-06,3.584096387440e-05
amgx,92,0,13,-3.977997907301e-05,-3.671807115681e-05
amgx,92,0,14,-3.237813923387e-05,-1.890765392965e-05
amgx,92,0,15,-7.945044074465e-05,1.708415884897e-05
amgx,92,0,16,-2.526394565180e-05,1.686343783314e-05
amgx,92,0,17,-1.744412612623e-05,-1.740453161849e-05
amgx,92,0,18,-1.030437791155e-05,-5.599565388634e-06
amgx,92,0,19,-5.123230264087e-05,4.012299435189e-06
amgx,93,0,0,4.570759821913e-05,5.719006333163e-08
amgx,93,0,1,8.886747955021e-05,1.319335364060e-05
amgx,93,0,2,1.004200309503e-04,1.351375223496e-05
amgx,93,0,3,5.956735032453e-07,-2.472065831479e-06
amgx,93,0,4,2.710299307611e-05,7.031302555357e-07
amgx,93,0,5,1.036109350373e-05,3.944346684524e-06
amgx,93,0,6,9.937695047554e-06,1.117531714135e-05
amgx,93,0,7,-4.866821177086e-05,-7.378538365710e-06
amgx,93,0,8,2.949976702311e-06,7.374021666080e-06
amgx,93,0,9,-7.204613919054e-05,-1.216588686016e-05
amgx,93,0,10,-5.558644379100e-05,-8.349136767522e-06
amgx,93,0,11,-9.127124826501e-05,1.167604216622e-07
amgx,93,0,12,-2.962809768651e-06,9.841351429825e-06
amgx,93,0,13,-4.666461741492e-05,-1.709225816241e-05
amgx,93,0,14,-3.592332434568e-05,-1.187698552974e-05
amgx,93,0,15,-7.688781691731e-05,2.622025913302e-06
amgx,93,0,16,-2.315601592266e-05,6.981324296672e-06
amgx,93,0,17,-2.005480586901e-05,-9.967776325677e-06
amgx,93,0,18,-1.114431271985e-05,-7.054218772343e-06
amgx,93,0,19,-5.073076521147e-05,2.725763877847e-06
amgx,94,0,0,4.571832135600e-05,3.418105464314e-06
amgx,94,0,1,9.216581796036e-05,7.427064609114e-06
amgx,94,0,2,1.037984690090e-04,8.308636089492e-06
amgx,94,0,3,1.321611598430e-07,1.653640846014e-06
amgx,94,0,4,2.720846261444e-05,2.032173954019e-06
amgx,94,0,5,1.110065850708e-05,4.204162797336e-06
amgx,94,0,6,1.203306701156e-05,4.239588448659e-06
amgx,94,0,7,-4.977499252571e-05,-1.952609075770e-07
amgx,94,0,8,4.056079952223e-06,1.144073883045e-06
amgx,94,0,9,-7.432724297682e-05,-5.966065011142e-06
amgx,94,0,10,-5.715190693491e-05,-4.482436737734e-06
amgx,94,0,11,-9.125373420176e-05,-2.249749906356e-06
amgx,94,0,12,-1.486607054177e-06,1.234308239000e-06
amgx,94,0,13,-4.986941582037e-05,-8.800066848088e-06
amgx,94,0,14,-3.815025913250e-05,-8.404336860655e-06
amgx,94,0,15,-7.649451303031e-05,-1.213193760521e-06
amgx,94,0,16,-2.228335038557e-05,1.726367339790e-06
amgx,94,0,17,-2.154997231786e-05,-5.882209765639e-06
amgx,94,0,18,-1.220244553570e-05,-5.144935444034e-06
amgx,94,0,19,-5.039004472674e-05,1.661204060549e-08
amgx,95,0,0,8.742721959921e-01,1.618292330148e-07
amgx,95,0,1,6.243464327014e-01,1.696437439273e-07
amgx,95,0,2,3.756532179520e-01,4.416445173382e-07
amgx,95,0,3,1.257276210837e-01,3.355439160711e-07
amgx,95,0,4,8.727425130962e-01,-6.995228761530e-07
amgx,95,0,5,6.231140538039e-01,2.157335939480e-07
amgx,95,0,6,3.768860417154e-01,-3.634541683832e-07
amgx,95,0,7,1.272576019266e-01,2.776515057029e-07
amgx,95,0,8,8.663256161624e-01,-5.386548550408e-07
amgx,95,0,9,6.184814434359e-01,-5.613468847431e-07
amgx,95,0,10,3.815189297251e-01,-2.836808090302e-07
amgx,95,0,11,1.336746244855e-01,-1.887723413628e-07
amgx,95,0,12,8.404035856247e-01,-4.456500421897e-07
amgx,95,0,13,6.029666127056e-01,3.809726347187e-07
amgx,95,0,14,3.970333255825e-01,-2.676972825589e-07
amgx,95,0,15,1.595964020036e-01,4.132410299647e-07
amgx,95,0,16,7.327252536055e-01,5.411435483610e-07
amgx,95,0,17,5.559484771520e-01,5.707494801828e-07
amgx,95,0,18,4.440510901985e-01,8.249332167077e-07
amgx,95,0,19,2.672744731910e-01,6.530560174457e-07
amgx,96,0,0,8.742721959921e-01,1.618292330148e-07
amgx,96,0,1,6.243464327014e-01,1.696437439273e-07
amgx,96,0,2,3.756532179520e-01,4.416445173382e-07
amgx,96,0,3,1.257276210837e-01,3.355439160711e-07
amgx,96,0,4,8.727425130962e-01,-6.995228761530e-07
amgx,96,0,5,6.231140538039e-01,2.157335939480e-07
amgx,96,0,6,3.768860417154e-01,-3.634541683832e-07
amgx,96,0,7,1.272576019266e-01,2.776515057029e-07
amgx,96,0,8,8.663256161624e-01,-5.386548550408e-07
amgx,96,0,9,6.184814434359e-01,-5.613468847431e-07
amgx,96,0,10,3.815189297251e-01,-2.836808090302e-07
amgx,96,0,11,1.336746244855e-01,-1.887723413628e-07
amgx,96,0,12,8.404035856247e-01,-4.456500421897e-07
amgx,96,0,13,6.029666127056e-01,3.809726347187e-07
amgx,96,0,14,3.970333255825e-01,-2.676972825589e-07
amgx,96,0,15,1.595964020036e-01,4.132410299647e-07
amgx,96,0,16,7.327252536055e-01,5.411435483610e-07
amgx,96,0,17,5.559484771520e-01,5.707494801828e-07
amgx,96,0,18,4.440510901985e-01,8.249332167077e-07
amgx,96,0,19,2.672744731910e-01,6.530560174457e-07
amgx,97,0,0,3.034298119027e-08,-2.206018718744e-08
amgx,97,0,1,4.241093598182e-08,2.236150953719e-07
amgx,97,0,2,1.104111293345e-07,1.475888930078e-07
amgx,97,0,3,6.291448426334e-08,2.359448342078e-07
amgx,97,0,4,-1.049284314230e-07,-1.848859172388e-07
amgx,97,0,5,4.045004886525e-08,-1.819842944153e-07
amgx,97,0,6,-6.814765657186e-08,4.845521026626e-08
amgx,97,0,7,4.164772585543e-08,3.586385291278e-08
amgx,97,0,8,-8.079822825612e-08,-4.116921924009e-07
amgx,97,0,9,-1.052525408893e-07,-1.624426832601e-07
amgx,97,0,10,-5.319015169316e-08,-3.228294914030e-07
amgx,97,0,11,-2.831585120442e-08,3.250643316278e-09
amgx,97,0,12,-6.684750632846e-08,-5.313542624867e-08
amgx,97,0,13,7.143236900975e-08,-4.143770699050e-08
amgx,97,0,14,-5.019324047979e-08,1.370440336777e-07
amgx,97,0,15,6.198615449470e-08,1.064331679877e-07
amgx,97,0,16,6.764294354513e-08,1.540508027892e-07
amgx,97,0,17,8.561242202742e-08,4.055026651067e-07
amgx,97,0,18,1.237399825061e-07,3.232844879053e-07
amgx,97,0,19,8.163200218071e-08,3.489901413623e-07
amgx,98,0,0,2.620669609263e-08,2.265583946029e-08
amgx,98,0,1,9.831470982479e-08,5.454265679442e-08
amgx,98,0,2,1.473083525865e-07,1.461260054338e-07
amgx,98,0,3,1.071541406773e-07,1.012630097408e-07
amgx,98,0,4,-1.326613190088e-07,-1.462336484704e-07
amgx,98,0,5,6.327993662383e-09,-3.869783853302e-08
amgx,98,0,6,-5.906230464694e-08,-4.026198108548e-08
amgx,98,0,7,4.702730379235e-08,6.277856806452e-08
amgx,98,0,8,-1.425520571163e-07,-1.690842527346e-07
amgx,98,0,9,-1.357105440006e-07,-2.047866545768e-07
amgx,98,0,10,-1.137206813312e-07,-7.589667122506e-08
amgx,98,0,11,-2.782825470697e-08,-3.837331567392e-08
amgx,98,0,12,-7.481782026576e-08,-6.355090513437e-08
amgx,98,0,13,6.366279894903e-08,3.773341228440e-08
amgx,98,0,14,-2.449748416522e-08,3.041855710460e-08
amgx,98,0,15,7.795112969285e-08,9.641541247921e-08
amgx,98,0,16,8.689929389378e-08,9.136778652601e-08
amgx,98,0,17,1.464378217934e-07,1.613551197504e-07
amgx,98,0,18,1.722326556919e-07,2.109660457272e-07
amgx,98,0,19,1.252557698510e-07,1.517051837245e-07
amgx,99,0,0,2.620669609263e-08,2.265583946029e-08
amgx,99,0,1,9.831470982479e-08,5.454265679442e-08
amgx,99,0,2,1.473083525865e-07,1.461260054338e-07
amgx,99,0,3,1.071541406773e-07,1.012630097408e-07
amgx,99,0,4,-1.326613190088e-07,-1.462336484704e-07
amgx,99,0,5,6.327993662383e-09,-3.869783853302e-08
amgx,99,0,6,-5.906230464694e-08,-4.026198108548e-08
amgx,99,0,7,4.702730379235e-08,6.277856806452e-08
amgx,99,0,8,-1.425520571163e-07,-1.690842527346e-07
amgx,99,0,9,-1.357105440006e-07,-2.047866545768e-07
amgx,99,0,10,-1.137206813312e-07,-7.589667122506e-08
amgx,99,0,11,-2.782825470697e-08,-3.837331567392e-08
amgx,99,0,12,-7.481782026576e-08,-6.355090513437e-08
amgx,99,0,13,6.366279894903e-08,3.773341228440e-08
amgx,99,0,14,-2.449748416522e-08,3.041855710460e-08
amgx,99,0,15,7.795112969285e-08,9.641541247921e-08
amgx,99,0,16,8.689929389378e-08,9.136778652601e-08
amgx,99,0,17,1.464378217934e-07,1.613551197504e-07
amgx,99,0,18,1.722326556919e-07,2.109660457272e-07
amgx,99,0,19,1.252557698510e-07,1.517051837245e-07
amgx,100,1,0,0.000000000000e+00,7.719849625471e-08
amgx,100,1,1,0.000000000000e+00,2.473890151746e-07
amgx,100,1,2,0.000000000000e+00,-1.849314870034e-07
amgx,100,1,3,0.000000000000e+00,2.251658697903e-08
amgx,100,1,4,0.000000000000e+00,-3.738709073114e-07
amgx,100,1,5,0.000000000000e+00,-1.142699868990e-07
amgx,100,1,6,0.000000000000e+00,-2.581749284998e-08
amgx,100,1,7,0.000000000000e+00,1.268339695838e-07
amgx,100,1,8,0.000000000000e+00,2.527229062764e-07
amgx,100,1,9,0.000000000000e+00,3.626712294517e-07
amgx,101,1,0,1.157977443821e-08,1.677980055343e-08
amgx,101,1,1,3.710835227620e-08,7.825201115594e-08
amgx,101,1,2,-1.981408789322e-08,-1.007760258363e-07
amgx,101,1,3,2.412491462039e-09,3.554533763986e-08
amgx,101,1,4,-4.005759721194e-08,-1.508714353928e-07
amgx,101,1,5,-1.224321288203e-08,-3.662140324464e-08
amgx,101,1,6,-2.766159948212e-09,-3.085972937299e-08
amgx,101,1,7,1.358935388398e-08,6.490111159229e-08
amgx,101,1,8,2.106024218970e-08,8.787100912699e-08
amgx,101,1,9,3.022260245431e-08,1.389067573206e-07
amgx,102,1,0,1.409674452122e-08,-5.662110867452e-09
amgx,102,1,1,4.884615394959e-08,2.969683093769e-08
amgx,102,1,2,-3.061151923282e-08,-4.868123055864e-08
amgx,102,1,3,6.220920494882e-09,1.371706286472e-08
amgx,102,1,4,-5.622239386116e-08,-6.984924245496e-08
amgx,102,1,5,-1.616693465825e-08,-3.795908339209e-09
amgx,102,1,6,-6.072559523889e-09,-1.844566692612e-08
amgx,102,1,7,2.054304441173e-08,2.822256099007e-08
amgx,102,1,8,2.838282628362e-08,2.693051624044e-08
amgx,102,1,9,4.179816556436e-08,5.595665447955e-08
amgx,103,1,0,1.409674452122e-08,-5.662110867452e-09
amgx,103,1,1,4.884615394959e-08,2.969683093769e-08
amgx,103,1,2,-3.061151923282e-08,-4.868123055864e-08
amgx,103,1,3,6.220920494882e-09,1.371706286472e-08
amgx,103,1,4,-5.622239386116e-08,-6.984924245496e-08
amgx,103,1,5,-1.616693465825e-08,-3.795908339209e-09
amgx,103,1,6,-6.072559523889e-09,-1.844566692612e-08
amgx,103,1,7,2.054304441173e-08,2.822256099007e-08
amgx,103,1,8,2.838282628362e-08,2.693051624044e-08
amgx,103,1,9,4.179816556436e-08,5.595665447955e-08
amgx,104,2,0,0.000000000000e+00,-5.434334142610e-08
amgx,104,2,1,0.000000000000e+00,4.341389380241e-08
amgx,104,2,2,0.000000000000e+00,-8.829490938107e-08
amgx,104,2,3,0.000000000000e+00,2.442665265086e-08
amgx,104,2,4,0.000000000000e+00,8.288717071999e-08
amgx,105,2,0,-5.094688258696e-09,-1.868996667573e-08
amgx,105,2,1,4.070052543976e-09,4.328094830838e-09
amgx,105,2,2,-6.622118203580e-09,-2.082843371003e-08
amgx,105,2,3,1.831998948814e-09,8.773204098505e-09
amgx,105,2,4,3.885336127500e-09,1.114155417047e-08
amgx,106,2,0,-6.846872634546e-09,-6.985238944656e-09
amgx,106,2,1,4.475811434367e-09,-1.106364429215e-09
amgx,106,2,2,-8.184250731833e-09,-6.350975860951e-09
amgx,106,2,3,2.489989256202e-09,9.250744523847e-10
amgx,106,2,4,4.407596479240e-09,9.771041008874e-10
amgx,107,2,0,-6.846872634546e-09,-6.985238944656e-09
amgx,107,2,1,4.475811434367e-09,-1.106364429215e-09
amgx,107,2,2,-8.184250731833e-09,-6.350975860951e-09
amgx,107,2,3,2.489989256202e-09,9.250744523847e-10
amgx,107,2,4,4.407596479240e-09,9.771041008874e-10
amgx,108,3,0,0.000000000000e+00,-8.091603373871e-09
amgx,108,3,1,0.000000000000e+00,-4.448797307679e-09
amgx,109,3,0,-7.793884933956e-10,0.000000000000e+00
amgx,109,3,1,-3.152646367192e-10,0.000000000000e+00
amgx,110,2,0,-7.626261127942e-09,-2.939437257721e-09
amgx,110,2,1,3.696422940971e-09,2.939437257721e-09
amgx,110,2,2,-8.499515368552e-09,-6.018165027427e-09
amgx,110,2,3,2.174724619483e-09,1.257885285909e-09
amgx,110,2,4,4.092331842521e-09,4.760279741518e-09
amgx,111,2,0,-7.901833370853e-09,-1.086439582722e-09
amgx,111,2,1,3.971995183883e-09,3.723976214939e-10
amgx,111,2,2,-8.950877745609e-09,-1.420726724026e-09
amgx,111,2,3,2.269066015926e-09,4.091672789531e-10
amgx,111,2,4,4.315469955405e-09,4.760279741518e-10
amgx,112,2,0,-8.003687081734e-09,-4.148943502542e-10
amgx,112,2,1,4.006907460898e-09,-4.923292454386e-11
amgx,112,2,2,-9.057432249911e-09,-4.528863883470e-10
amgx,112,2,3,2.299753561848e-09,3.634987741250e-12
amgx,112,2,4,4.337783766693e-09,-3.272692322294e-11
amgx,113,1,0,6.093057439487e-09,2.235585783865e-08
amgx,113,1,1,5.285306141048e-08,9.672421473259e-09
amgx,113,1,2,-3.861520631455e-08,-2.277075218890e-08
amgx,113,1,3,1.022782795578e-08,-9.721654397802e-09
amgx,113,1,4,-6.527982611107e-08,-3.826970180702e-08
amgx,113,1,5,-1.386718109640e-08,-1.633829347656e-08
amgx,113,1,6,-1.512999177380e-08,3.781681541867e-08
amgx,113,1,7,2.284279797357e-08,1.634192846430e-08
amgx,113,1,8,3.272061005031e-08,-2.588661839293e-08
amgx,113,1,9,4.613594933105e-08,2.585389146970e-08
amgx,114,1,0,9.446436115284e-09,2.160380783029e-09
amgx,114,1,1,5.430392463147e-08,3.688272387440e-09
amgx,114,1,2,-4.105492976337e-08,-8.228186911186e-09
amgx,114,1,3,9.186222127443e-09,-5.469473494119e-09
amgx,114,1,4,-6.938015130468e-08,-8.093800489293e-09
amgx,114,1,5,-1.561771254031e-08,-6.766268405642e-09
amgx,114,1,6,-1.107819012180e-08,-1.309962024481e-09
amgx,114,1,7,2.459371888046e-08,8.945202791859e-09
amgx,114,1,8,3.056339185090e-08,3.786439661578e-09
amgx,114,1,9,4.829044028686e-08,7.808096481795e-09
amgx,115,1,0,9.770493232738e-09,-6.698468556666e-10
amgx,115,1,1,5.485716548959e-08,7.409517986020e-11
amgx,115,1,2,-4.193652121813e-08,-3.729333329249e-09
amgx,115,1,3,8.600207110216e-09,-2.592392770420e-09
amgx,115,1,4,-7.024734421425e-08,-4.792296509142e-09
amgx,115,1,5,-1.634266986949e-08,-1.813960875748e-09
amgx,115,1,6,-1.121854319585e-08,-4.723884634827e-10
amgx,115,1,7,2.555213346530e-08,1.947382379194e-09
amgx,115,1,8,3.087892848936e-08,1.316578474108e-09
amgx,115,1,9,4.894111499367e-08,4.184389928598e-09
amgx,116,0,0,3.597718932536e-08,-4.859216145606e-08
amgx,116,0,1,1.080852030575e-07,4.792231460040e-08
amgx,116,0,2,2.021655180761e-07,5.478237479759e-08
amgx,116,0,3,1.620113061669e-07,-5.470827961773e-08
amgx,116,0,4,-1.745978402269e-07,-3.896441457934e-08
amgx,116,0,5,-3.560852755575e-08,3.523508125009e-08
amgx,116,0,6,-5.046209753672e-08,-6.948462801417e-08
amgx,116,0,7,5.562751090256e-08,6.689223524375e-08
amgx,116,0,8,-2.127994013305e-07,5.875005970839e-08
amgx,116,0,9,-2.059578882148e-07,-6.354235621753e-08
amgx,116,0,10,-1.300633512007e-07,-6.296366525532e-08
amgx,116,0,11,-4.417092457647e-08,6.114970437957e-08
amgx,116,0,12,-8.603636346161e-08,-5.804514807585e-08
amgx,116,0,13,5.244425575318e-08,5.757275961237e-08
amgx,116,0,14,1.054649300085e-09,-2.485794136299e-08
amgx,116,0,15,1.035032631582e-07,2.680532374218e-08
amgx,116,0,16,1.177782223831e-07,-7.424539911666e-08
amgx,116,0,17,1.773167502828e-07,7.556197759077e-08
amgx,116,0,18,2.211737706856e-07,7.163264770715e-08
amgx,116,0,19,1.741968848447e-07,-6.744825777856e-08
amgx,117,0,0,2.686615905235e-08,-6.012123900818e-09
amgx,117,0,1,1.200657817076e-07,2.317171981088e-08
amgx,117,0,2,2.158611117755e-07,2.390002168516e-09
amgx,117,0,3,1.517535037386e-07,1.005235908153e-08
amgx,117,0,4,-1.804425024138e-07,-3.433047227197e-09
amgx,117,0,5,-2.900194982136e-08,-9.997872767723e-09
amgx,117,0,6,-6.349046528938e-08,1.159162481438e-09
amgx,117,0,7,6.566134618913e-08,2.609344286891e-09
amgx,117,0,8,-2.039868923742e-07,-1.177811126197e-08
amgx,117,0,9,-2.178720800056e-07,-1.477297171785e-09
amgx,117,0,10,-1.418690384361e-07,-3.617188420590e-08
amgx,117,0,11,-3.499846891953e-08,1.753637270741e-08
amgx,117,0,12,-9.474313567299e-08,-4.184560524968e-09
amgx,117,0,13,6.323914818050e-08,4.456585339834e-10
amgx,117,0,14,-3.606214705474e-09,7.540415568601e-09
amgx,117,0,15,1.075240617195e-07,2.781890364601e-09
amgx,117,0,16,1.084975474936e-07,-1.593382535193e-08
amgx,117,0,17,1.886510469214e-07,3.114960909150e-08
amgx,117,0,18,2.319186678417e-07,1.615056233752e-08
amgx,117,0,19,1.657658526223e-07,-2.096368727239e-09
amgx,118,0,0,2.573888582095e-08,3.774941893435e-09
amgx,118,0,1,1.258587116603e-07,3.388556119497e-09
amgx,118,0,2,2.164586123176e-07,8.492590787904e-09
amgx,118,0,3,1.536383210663e-07,3.501991955545e-09
amgx,118,0,4,-1.809574594979e-07,-5.626852871446e-09
amgx,118,0,5,-3.087655096531e-08,2.718854422269e-09
amgx,118,0,6,-6.327312232411e-08,-7.378136627032e-09
amgx,118,0,7,6.605274783216e-08,5.384952270890e-09
amgx,118,0,8,-2.057536090635e-07,-4.364162198026e-09
amgx,118,0,9,-2.181490732253e-07,-1.070930943967e-08
amgx,118,0,10,-1.486512667247e-07,-5.058337480690e-09
amgx,118,0,11,-3.236801301342e-08,-1.589449914029e-09
amgx,118,0,12,-9.537081975173e-08,-4.721024014407e-09
amgx,118,0,13,6.332270915562e-08,5.293006617879e-09
amgx,118,0,14,-2.192386786362e-09,-1.973695516015e-09
amgx,118,0,15,1.079413452742e-07,4.477710325469e-09
amgx,118,0,16,1.065058193246e-07,6.130094699810e-11
amgx,118,0,17,1.933234882851e-07,8.301819429635e-09
amgx,118,0,18,2.343412521923e-07,9.861863776314e-09
amgx,118,0,19,1.655038065314e-07,2.315775723509e-09
amgx,119,0,0,8.742722225084e-01,1.225925517369e-09
amgx,119,0,1,6.243465610285e-01,2.002750610234e-10
amgx,119,0,2,3.756534380844e-01,1.200483529417e-09
amgx,119,0,3,1.257277766005e-01,-9.483680935916e-12
amgx,119,0,4,8.727423302309e-01,2.009714553500e-09
amgx,119,0,5,6.231140226931e-01,2.286874333887e-10
amgx,119,0,6,3.768859778246e-01,-3.505277409876e-09
amgx,119,0,7,1.272576683080e-01,3.726953428145e-09
amgx,119,0,8,8.663254079627e-01,1.414456786560e-09
amgx,119,0,9,6.184812219169e-01,-2.036978081479e-09
amgx,119,0,10,3.815187787079e-01,-1.298466994220e-09
amgx,119,0,11,1.336745908419e-01,3.305754275582e-09
amgx,119,0,12,8.404034890803e-01,8.501154108354e-12
amgx,119,0,13,6.029666762669e-01,1.455237732535e-09
amgx,119,0,14,3.970333229495e-01,9.013470632454e-10
amgx,119,0,15,1.595965104995e-01,1.496890507857e-09
amgx,119,0,16,7.327253611805e-01,-5.426576571050e-09
amgx,119,0,17,5.559486725759e-01,1.792896268266e-09
amgx,119,0,18,4.440513272253e-01,-3.979681158393e-10
amgx,119,0,19,2.672746402029e-01,-3.492782493590e-09
amgx,120,0,0,8.742722225084e-01,1.225925517369e-09
amgx,120,0,1,6.243465610285e-01,2.002750610234e-10
amgx,120,0,2,3.756534380844e-01,1.200483529417e-09
amgx,120,0,3,1.257277766005e-01,-9.483680935916e-12
amgx,120,0,4,8.727423302309e-01,2.009714553500e-09
amgx,120,0,5,6.231140226931e-01,2.286874333887e-10
amgx,120,0,6,3.768859778246e-01,-3.505277409876e-09
amgx,120,0,7,1.272576683080e-01,3.726953428145e-09
amgx,120,0,8,8.663254079627e-01,1.414456786560e-09
amgx,120,0,9,6.184812219169e-01,-2.036978081479e-09
amgx,120,0,10,3.815187787079e-01,-1.298466994220e-09
amgx,120,0,11,1.336745908419e-01,3.305754275582e-09
amgx,120,0,12,8.404034890803e-01,8.501154108354e-12
amgx,120,0,13,6.029666762669e-01,1.455237732535e-09
amgx,120,0,14,3.970333229495e-01,9.013470632454e-10
amgx,120,0,15,1.595965104995e-01,1.496890507857e-09
amgx,120,0,16,7.327253611805e-01,-5.426576571050e-09
amgx,120,0,17,5.559486725759e-01,1.792896268266e-09
amgx,120,0,18,4.440513272253e-01,-3.979681158393e-10
amgx,120,0,19,2.672746402029e-01,-3.492782493590e-09
amgx,121,0,0,2.298610345066e-10,6.580073276230e-10
amgx,121,0,1,5.006876525585e-11,6.229295758771e-10
amgx,121,0,2,3.001208823542e-10,-3.088280569171e-10
amgx,121,0,3,-1.778190175484e-12,8.567929763420e-10
amgx,121,0,4,3.014571830250e-10,9.873370846260e-10
amgx,121,0,5,4.287889376038e-11,-6.304750980009e-10
amgx,121,0,6,-6.572395143517e-10,-2.177391235488e-10
amgx,121,0,7,5.590430142218e-10,7.685837938465e-10
amgx,121,0,8,2.121685179840e-10,2.744131625040e-10
amgx,121,0,9,-3.819333902772e-10,-2.248025951913e-10
amgx,121,0,10,-2.434625614163e-10,-6.989239374880e-10
amgx,121,0,11,4.958631413374e-10,1.366552597880e-09
amgx,121,0,12,1.275173116253e-12,-1.911711900199e-10
amgx,121,0,13,2.728570748502e-10,4.210882305711e-10
amgx,121,0,14,1.690025743585e-10,4.195696380479e-10
amgx,121,0,15,2.245335761785e-10,6.024905309612e-10
amgx,121,0,16,-6.783220713812e-10,-1.086434529406e-09
amgx,121,0,17,2.689344402399e-10,-1.693614684037e-11
amgx,121,0,18,-5.969521737590e-11,-9.815282606019e-11
amgx,121,0,19,-4.365978116988e-10,-7.083572645950e-10
amgx,122,0,0,3.532374084359e-10,4.683347885689e-10
amgx,122,0,1,2.058011592251e-10,8.368767279414e-11
amgx,122,0,2,2.229138681250e-10,1.983479771387e-10
amgx,122,0,3,1.588704928886e-10,2.522787989332e-10
amgx,122,0,4,4.495577457189e-10,2.931585385862e-10
amgx,122,0,5,-7.533518711479e-11,6.323760989917e-11
amgx,122,0,6,-6.980656000171e-10,-2.656165451937e-10
amgx,122,0,7,6.743305832987e-10,5.169514355423e-10
amgx,122,0,8,2.533304923596e-10,1.458776882185e-10
amgx,122,0,9,-4.240838768756e-10,-1.853469503443e-10
amgx,122,0,10,-3.745107996953e-10,2.594464018015e-11
amgx,122,0,11,7.008460310193e-10,4.162510599120e-10
amgx,122,0,12,-2.740050538673e-11,-6.348109607307e-11
amgx,122,0,13,3.518111180823e-10,1.105747776494e-10
amgx,122,0,14,2.476718814925e-10,1.284488702002e-10
amgx,122,0,15,3.149071558227e-10,3.457301714818e-10
amgx,122,0,16,-8.141263875570e-10,-3.028247328806e-10
amgx,122,0,17,2.663940182139e-10,-7.580723356282e-11
amgx,122,0,18,-7.441814128493e-11,-3.695397948150e-11
amgx,122,0,19,-5.251424697732e-10,-1.014386604136e-10
amgx,123,0,0,3.532374084359e-10,4.683347885689e-10
amgx,123,0,1,2.058011592251e-10,8.368767279414e-11
amgx,123,0,2,2.229138681250e-10,1.983479771387e-10
amgx,123,0,3,1.588704928886e-10,2.522787989332e-10
amgx,123,0,4,4.495577457189e-10,2.931585385862e-10
amgx,123,0,5,-7.533518711479e-11,6.323760989917e-11
amgx,123,0,6,-6.980656000171e-10,-2.656165451937e-10
amgx,123,0,7,6.743305832987e-10,5.169514355423e-10
amgx,123,0,8,2.533304923596e-10,1.458776882185e-10
amgx,123,0,9,-4.240838768756e-10,-1.853469503443e-10
amgx,123,0,10,-3.745107996953e-10,2.594464018015e-11
amgx,123,0,11,7.008460310193e-10,4.162510599120e-10
amgx,123,0,12,-2.740050538673e-11,-6.348109607307e-11
amgx,123,0,13,3.518111180823e-10,1.105747776494e-10
amgx,123,0,14,2.476718814925e-10,1.284488702002e-10
amgx,123,0,15,3.149071558227e-10,3.457301714818e-10
amgx,123,0,16,-8.141263875570e-10,-3.028247328806e-10
amgx,123,0,17,2.663940182139e-10,-7.580723356282e-11
amgx,123,0,18,-7.441814128493e-11,-3.695397948150e-11
amgx,123,0,19,-5.251424697732e-10,-1.014386604136e-10
amgx,124,1,0,0.000000000000e+00,5.520224613630e-10
amgx,124,1,1,0.000000000000e+00,4.506267760719e-10
amgx,124,1,2,0.000000000000e+00,3.563961484854e-10
amgx,124,1,3,0.000000000000e+00,2.513348903486e-10
amgx,124,1,4,0.000000000000e+00,-3.946926212577e-11
amgx,124,1,5,0.000000000000e+00,4.421957000922e-10
amgx,124,1,6,0.000000000000e+00,4.709368157628e-11
amgx,124,1,7,0.000000000000e+00,4.741790416821e-10
amgx,124,1,8,0.000000000000e+00,-3.786319664434e-10
amgx,124,1,9,0.000000000000e+00,-1.383926398951e-10
amgx,125,1,0,8.280336920446e-11,2.819702349984e-10
amgx,125,1,1,6.759401641079e-11,2.493175397257e-10
amgx,125,1,2,3.818530162344e-11,2.731768147549e-10
amgx,125,1,3,2.692873825164e-11,3.309632784805e-10
amgx,125,1,4,-4.228849513475e-12,1.239729016345e-10
amgx,125,1,5,4.737811072416e-11,2.617873466590e-10
amgx,125,1,6,5.045751597458e-12,-8.984709050376e-12
amgx,125,1,7,5.080489732308e-11,1.952812934838e-10
amgx,125,1,8,-3.155266387029e-11,-9.609920840720e-11
amgx,125,1,9,-1.153271999126e-11,3.545897080209e-11
amgx,126,1,0,1.250989044542e-10,1.664280785845e-10
amgx,126,1,1,1.049916473696e-10,1.755456227127e-10
amgx,126,1,2,6.745424606147e-11,2.149112472329e-10
amgx,126,1,3,6.238908951740e-11,2.429023145457e-10
amgx,126,1,4,9.053961375936e-12,1.156544637731e-10
amgx,126,1,5,7.542675500906e-11,1.914963415465e-10
amgx,126,1,6,4.083104199204e-12,2.922590551210e-11
amgx,126,1,7,7.172789305348e-11,1.098647930095e-10
amgx,126,1,8,-3.956093123755e-11,-2.299518266480e-11
amgx,126,1,9,-8.577805757750e-12,4.270246679407e-11
amgx,127,1,0,1.250989044542e-10,1.664280785845e-10
amgx,127,1,1,1.049916473696e-10,1.755456227127e-10
amgx,127,1,2,6.745424606147e-11,2.149112472329e-10
amgx,127,1,3,6.238908951740e-11,2.429023145457e-10
amgx,127,1,4,9.053961375936e-12,1.156544637731e-10
amgx,127,1,5,7.542675500906e-11,1.914963415465e-10
amgx,127,1,6,4.083104199204e-12,2.922590551210e-11
amgx,127,1,7,7.172789305348e-11,1.098647930095e-10
amgx,127,1,8,-3.956093123755e-11,-2.299518266480e-11
amgx,127,1,9,-8.577805757750e-12,4.270246679407e-11
amgx,128,2,0,0.000000000000e+00,3.813393258174e-10
amgx,128,2,1,0.000000000000e+00,4.184479372584e-10
amgx,128,2,2,0.000000000000e+00,1.448803692852e-10
amgx,128,2,3,0.000000000000e+00,3.013611345560e-10
amgx,128,2,4,0.000000000000e+00,1.970728412927e-11
amgx,129,2,0,3.575056179538e-11,1.955258750831e-10
amgx,129,2,1,3.922949411797e-11,2.213172780888e-10
amgx,129,2,2,1.086602769639e-11,1.547729439826e-10
amgx,129,2,3,2.260208509170e-11,1.773788851548e-10
amgx,129,2,4,9.237789435594e-13,7.186304660849e-11
amgx,130,2,0,5.408111258442e-11,1.135944000098e-10
amgx,130,2,1,5.997798893879e-11,1.185972538735e-10
amgx,130,2,2,2.247399849508e-11,1.086983309665e-10
amgx,130,2,3,3.590550147831e-11,1.157948131473e-10
amgx,130,2,4,4.292359253332e-12,6.778853602273e-11
amgx,131,2,0,5.408111258442e-11,1.135944000098e-10
amgx,131,2,1,5.997798893879e-11,1.185972538735e-10
amgx,131,2,2,2.247399849508e-11,1.086983309665e-10
amgx,131,2,3,3.590550147831e-11,1.157948131473e-10
amgx,131,2,4,4.292359253332e-12,6.778853602273e-11
amgx,132,3,0,0.000000000000e+00,2.321916538833e-10
amgx,132,3,1,0.000000000000e+00,2.922816801365e-10
amgx,133,3,0,2.478575887406e-11,0.000000000000e+00
amgx,133,3,1,1.630936315136e-11,5.169878828456e-26
amgx,134,2,0,7.886687145848e-11,-2.501426931848e-12
amgx,134,2,1,8.476374781286e-11,2.501426931848e-12
amgx,134,2,2,3.878336164645e-11,6.041366980642e-11
amgx,134,2,3,5.221486462968e-11,6.751015198722e-11
amgx,134,2,4,2.060172240470e-11,-1.279238217936e-10
amgx,135,2,0,7.863236268362e-11,8.905711287723e-12
amgx,135,2,1,8.499825658772e-11,1.028286198132e-11
amgx,135,2,2,4.331438688193e-11,1.276806440681e-11
amgx,135,2,3,5.727812602872e-11,1.441574772434e-11
amgx,135,2,4,1.460529325812e-11,-1.279238217936e-11
amgx,136,2,0,7.946727311684e-11,6.069674104451e-12
amgx,136,2,1,8.596227489847e-11,6.402898520429e-12
amgx,136,2,2,4.427199171244e-11,5.824913297486e-12
amgx,136,2,3,5.835930710804e-11,6.247897384289e-12
amgx,136,2,4,1.400565034346e-11,8.794762748313e-13
amgx,137,1,0,2.045661775711e-10,1.398853413246e-11
amgx,137,1,1,1.909539222681e-10,-2.873928865828e-12
amgx,137,1,2,1.469215191783e-10,-7.918860028012e-12
amgx,137,1,3,1.483513644159e-10,9.276827386257e-12
amgx,137,1,4,5.332595308837e-11,1.115883585526e-10
amgx,137,1,5,1.337860621171e-10,1.158963475157e-10
amgx,137,1,6,4.835509591164e-11,-1.057634452551e-10
amgx,137,1,7,1.300872001615e-10,-1.096484501314e-10
amgx,137,1,8,-2.555528089409e-11,-4.649640198762e-11
amgx,137,1,9,5.427844585712e-12,4.737587826246e-11
amgx,138,1,0,2.066644576909e-10,1.369145625811e-12
amgx,138,1,1,1.905228329382e-10,3.367689486182e-12
amgx,138,1,2,1.460730698896e-10,2.712258214254e-11
amgx,138,1,3,1.493453102073e-10,2.544351050860e-11
amgx,138,1,4,6.528184864758e-11,1.595406145416e-11
amgx,138,1,5,1.462035279223e-10,1.942177756417e-11
amgx,138,1,6,3.702329820574e-11,-2.202651875500e-11
amgx,138,1,7,1.183391519332e-10,-6.012998917841e-12
amgx,138,1,8,-2.942998105973e-11,-3.033970605351e-11
amgx,138,1,9,9.375834440917e-12,-1.552682705674e-11
amgx,139,1,0,2.068698295348e-10,6.659421717066e-12
amgx,139,1,1,1.910279863612e-10,6.499475038688e-12
amgx,139,1,2,1.489790608334e-10,1.333620708948e-11
amgx,139,1,3,1.520714006189e-10,1.443898489488e-11
amgx,139,1,4,6.699121237481e-11,7.161433685602e-12
amgx,139,1,5,1.482844326614e-10,1.072848917344e-11
amgx,139,1,6,3.466331405342e-11,-7.788769793926e-12
amgx,139,1,7,1.176949020491e-10,-2.289228913202e-12
amgx,139,1,8,-3.195828989752e-11,-1.359879707275e-11
amgx,139,1,9,8.081932186188e-12,-7.698515370087e-12
amgx,140,0,0,5.601072379707e-10,-3.295639202066e-12
amgx,140,0,1,4.126709887599e-10,9.955060919133e-12
amgx,140,0,2,4.139418544861e-10,1.752332345701e-10
amgx,140,0,3,3.498984792498e-10,-1.687337595314e-10
amgx,140,0,4,5.985368065523e-10,-2.889666283790e-11
amgx,140,0,5,7.364387371865e-11,4.223286992738e-11
amgx,140,0,6,-5.459941993982e-10,-2.335392671944e-10
amgx,140,0,7,8.264019839176e-10,2.479782520893e-10
amgx,140,0,8,3.203217047344e-10,6.155521360614e-11
amgx,140,0,9,-3.570926645008e-10,-5.439377992054e-11
amgx,140,0,10,-2.262263670339e-10,-8.215114276114e-11
amgx,140,0,11,8.491304636807e-10,9.287963193457e-11
amgx,140,0,12,7.262808666685e-12,-1.671014298094e-10
amgx,140,0,13,3.864744321357e-10,1.593126600155e-10
amgx,140,0,14,3.653667835416e-10,-3.360615704616e-11
amgx,140,0,15,4.326020578718e-10,3.131692813296e-11
amgx,140,0,16,-8.460846774545e-10,-1.083699693396e-10
amgx,140,0,17,2.344357283163e-10,9.477117226685e-11
amgx,140,0,18,-6.633620909874e-11,1.645490392534e-11
amgx,140,0,19,-5.170605375870e-10,-2.415341929543e-11
amgx,141,0,0,5.594893056203e-10,-2.669643996418e-12
amgx,141,0,1,4.151597539897e-10,5.359780463330e-11
amgx,141,0,2,4.577501631287e-10,-2.912911863878e-11
amgx,141,0,3,3.182608993377e-10,3.882160657306e-11
amgx,141,0,4,5.942023071266e-10,9.309847092442e-12
amgx,141,0,5,8.156253683003e-11,-4.527496304811e-11
amgx,141,0,6,-5.897828119971e-10,1.513555350099e-11
amgx,141,0,7,8.635987217310e-10,5.003153014159e-13
amgx,141,0,8,3.295549867754e-10,-2.420974423067e-11
amgx,141,0,9,-3.672914982359e-10,1.802128465736e-11
amgx,141,0,10,-2.416297063016e-10,-6.689444168030e-11
amgx,141,0,11,8.630624084709e-10,4.971084574926e-11
amgx,141,0,12,-1.780240580473e-11,-1.621719782598e-11
amgx,141,0,13,4.163455558886e-10,1.247863819123e-11
amgx,141,0,14,3.590656290955e-10,1.323202003240e-11
amgx,141,0,15,4.372995970917e-10,1.244084496534e-11
amgx,141,0,16,-8.596309236220e-10,-3.794203096629e-11
amgx,141,0,17,2.486514041564e-10,4.248590624097e-11
amgx,141,0,18,-6.386797350994e-11,9.009069963279e-12
amgx,141,0,19,-5.200797149989e-10,1.127419984888e-12
amgx,142,0,0,5.589887473710e-10,1.412851722309e-11
amgx,142,0,1,4.285592051480e-10,-2.872442322217e-12
amgx,142,0,2,4.504678834690e-10,1.623413901252e-11
amgx,142,0,3,3.255399505701e-10,2.498169278783e-12
amgx,142,0,4,5.955987841905e-10,-1.029361368234e-11
amgx,142,0,5,7.307348125851e-11,9.694094614857e-12
amgx,142,0,6,-5.869448957157e-10,-2.445510737581e-11
amgx,142,0,7,8.636737690262e-10,1.769867320163e-11
amgx,142,0,8,3.259235251408e-10,-3.709547794441e-12
amgx,142,0,9,-3.639125073626e-10,-1.781815919598e-11
amgx,142,0,10,-2.541724141167e-10,-5.690726469194e-13
amgx,142,0,11,8.705190353332e-10,1.826177662273e-12
amgx,142,0,12,-2.023498547863e-11,-1.008877030102e-11
amgx,142,0,13,4.186853005495e-10,1.291996043939e-11
amgx,142,0,14,3.615466328515e-10,-3.677470906807e-12
amgx,142,0,15,4.391657238365e-10,1.318876935791e-11
amgx,142,0,16,-8.643736774928e-10,-5.545201479323e-12
amgx,142,0,17,2.550242900925e-10,9.569827844805e-12
amgx,142,0,18,-6.251661301545e-11,1.124708468115e-11
amgx,142,0,19,-5.199387875008e-10,3.499342235516e-12
amgx,143,0,0,8.742722230695e-01,7.787930558642e-12
amgx,143,0,1,6.243465614605e-01,-6.389035319056e-12
amgx,143,0,2,3.756534385400e-01,5.157042323082e-12
amgx,143,0,3,1.257277769296e-01,-3.243430611183e-12
amgx,143,0,4,8.727423308251e-01,-4.176257700705e-12
amgx,143,0,5,6.231140227658e-01,5.337742944994e-12
amgx,143,0,6,3.768859772349e-01,-7.987411814257e-12
amgx,143,0,7,1.272576691754e-01,2.037961988350e-12
amgx,143,0,8,8.663254082860e-01,1.403858299041e-12
amgx,143,0,9,6.184812215481e-01,-2.231101891142e-12
amgx,143,0,10,3.815187784503e-01,8.122141241194e-12
amgx,143,0,11,1.336745917144e-01,-4.615755387333e-12
amgx,143,0,12,8.404034890584e-01,-2.471076494486e-12
amgx,143,0,13,6.029666766879e-01,2.130315326616e-12
amgx,143,0,14,3.970333233121e-01,-1.723648280589e-12
amgx,143,0,15,1.595965109418e-01,1.722191954923e-12
amgx,143,0,16,7.327253603154e-01,1.040590395296e-12
amgx,143,0,17,5.559486728351e-01,-5.487442774390e-12
amgx,143,0,18,4.440513271667e-01,-1.754524453904e-12
amgx,143,0,19,2.672746396843e-01,2.512426514437e-12
brae,0,0,0,0.000000000000e+00,2.000000000000e+00
brae,0,0,1,0.000000000000e+00,0.000000000000e+00
brae,0,0,2,0.000000000000e+00,0.000000000000e+00
brae,0,0,3,0.000000000000e+00,0.000000000000e+00
brae,0,0,4,0.000000000000e+00,2.000000000000e+00
brae,0,0,5,0.000000000000e+00,-0.000000000000e+00
brae,0,0,6,0.000000000000e+00,-0.000000000000e+00
brae,0,0,7,0.000000000000e+00,0.000000000000e+00
brae,0,0,8,0.000000000000e+00,2.000000000000e+00
brae,0,0,9,0.000000000000e+00,-0.000000000000e+00
brae,0,0,10,0.000000000000e+00,-0.000000000000e+00
brae,0,0,11,0.000000000000e+00,0.000000000000e+00
brae,0,0,12,0.000000000000e+00,2.000000000000e+00
brae,0,0,13,0.000000000000e+00,-0.000000000000e+00
brae,0,0,14,0.000000000000e+00,-0.000000000000e+00
brae,0,0,15,0.000000000000e+00,0.000000000000e+00
brae,0,0,16,0.000000000000e+00,3.000000000000e+00
brae,0,0,17,0.000000000000e+00,1.000000000000e+00
brae,0,0,18,0.000000000000e+00,1.000000000000e+00
brae,0,0,19,0.000000000000e+00,1.000000000000e+00
brae,1,0,0,4.000000000000e-01,7.200000000000e-01
brae,1,0,1,0.000000000000e+00,4.000000000000e-01
brae,1,0,2,0.000000000000e+00,0.000000000000e+00
brae,1,0,3,0.000000000000e+00,0.000000000000e+00
brae,1,0,4,3.200000000000e-01,1.120000000000e+00
brae,1,0,5,0.000000000000e+00,3.200000000000e-01
brae,1,0,6,0.000000000000e+00,-0.000000000000e+00
brae,1,0,7,0.000000000000e+00,0.000000000000e+00
brae,1,0,8,3.200000000000e-01,1.040000000000e+00
brae,1,0,9,0.000000000000e+00,3.200000000000e-01
brae,1,0,10,0.000000000000e+00,-0.000000000000e+00
brae,1,0,11,0.000000000000e+00,0.000000000000e+00
brae,1,0,12,3.200000000000e-01,1.120000000000e+00
brae,1,0,13,0.000000000000e+00,4.800000000000e-01
brae,1,0,14,0.000000000000e+00,1.600000000000e-01
brae,1,0,15,0.000000000000e+00,1.333333333333e-01
brae,1,0,16,4.000000000000e-01,1.080000000000e+00
brae,1,0,17,1.600000000000e-01,7.600000000000e-01
brae,1,0,18,1.600000000000e-01,4.933333333333e-01
brae,1,0,19,1.333333333333e-01,3.600000000000e-01
brae,2,0,0,4.000000000000e-01,7.200000000000e-01
brae,2,0,1,0.000000000000e+00,4.000000000000e-01
brae,2,0,2,0.000000000000e+00,0.000000000000e+00
brae,2,0,3,0.000000000000e+00,0.000000000000e+00
brae,2,0,4,3.200000000000e-01,1.120000000000e+00
brae,2,0,5,0.000000000000e+00,3.200000000000e-01
brae,2,0,6,0.000000000000e+00,-0.000000000000e+00
brae,2,0,7,0.000000000000e+00,0.000000000000e+00
brae,2,0,8,3.200000000000e-01,1.040000000000e+00
brae,2,0,9,0.000000000000e+00,3.200000000000e-01
brae,2,0,10,0.000000000000e+00,-0.000000000000e+00
brae,2,0,11,0.000000000000e+00,0.000000000000e+00
brae,2,0,12,3.200000000000e-01,1.120000000000e+00
brae,2,0,13,0.000000000000e+00,4.800000000000e-01
brae,2,0,14,0.000000000000e+00,1.600000000000e-01
brae,2,0,15,0.000000000000e+00,1.333333333333e-01
brae,2,0,16,4.000000000000e-01,1.080000000000e+00
brae,2,0,17,1.600000000000e-01,7.600000000000e-01
brae,2,0,18,1.600000000000e-01,4.933333333333e-01
brae,2,0,19,1.333333333333e-01,3.600000000000e-01
brae,3,1,0,0.000000000000e+00,1.120000000000e+00
brae,3,1,1,0.000000000000e+00,0.000000000000e+00
brae,3,1,2,0.000000000000e+00,1.440000000000e+00
brae,3,1,3,0.000000000000e+00,0.000000000000e+00
brae,3,1,4,0.000000000000e+00,1.360000000000e+00
brae,3,1,5,0.000000000000e+00,0.000000000000e+00
brae,3,1,6,0.000000000000e+00,1.600000000000e+00
brae,3,1,7,0.000000000000e+00,2.933333333333e-01
brae,3,1,8,0.000000000000e+00,1.840000000000e+00
brae,3,1,9,0.000000000000e+00,8.533333333333e-01
brae,4,1,0,1.792000000000e-01,5.531428571429e-01
brae,4,1,1,0.000000000000e+00,1.792000000000e-01
brae,4,1,2,1.645714285714e-01,9.572571428571e-01
brae,4,1,3,0.000000000000e+00,1.645714285714e-01
brae,4,1,4,1.554285714286e-01,9.668571428571e-01
brae,4,1,5,0.000000000000e+00,2.224761904762e-01
brae,4,1,6,1.828571428571e-01,9.914920634921e-01
brae,4,1,7,3.352380952381e-02,3.932275132275e-01
brae,4,1,8,1.635555555556e-01,8.095661375661e-01
brae,4,1,9,7.585185185185e-02,4.012698412698e-01
brae,5,1,0,1.792000000000e-01,5.531428571429e-01
brae,5,1,1,0.000000000000e+00,1.792000000000e-01
brae,5,1,2,1.645714285714e-01,9.572571428571e-01
brae,5,1,3,0.000000000000e+00,1.645714285714e-01
brae,5,1,4,1.554285714286e-01,9.668571428571e-01
brae,5,1,5,0.000000000000e+00,2.224761904762e-01
brae,5,1,6,1.828571428571e-01,9.914920634921e-01
brae,5,1,7,3.352380952381e-02,3.932275132275e-01
brae,5,1,8,1.635555555556e-01,8.095661375661e-01
brae,5,1,9,7.585185185185e-02,4.012698412698e-01
brae,6,2,0,0.000000000000e+00,1.510400000000e+00
brae,6,2,1,0.000000000000e+00,3.437714285714e-01
brae,6,2,2,0.000000000000e+00,1.958349206349e+00
brae,6,2,3,0.000000000000e+00,6.157037037037e-01
brae,6,2,4,0.000000000000e+00,1.210835978836e+00
brae,7,2,0,1.510400000000e-01,6.841701587302e-01
brae,7,2,1,3.437714285714e-02,4.693468783069e-01
brae,7,2,2,1.566679365079e-01,9.133460317460e-01
brae,7,2,3,4.925629629630e-02,6.263144973545e-01
brae,7,2,4,6.054179894180e-02,6.540156613757e-01
brae,8,2,0,1.510400000000e-01,6.841701587302e-01
brae,8,2,1,3.437714285714e-02,4.693468783069e-01
brae,8,2,2,1.566679365079e-01,9.133460317460e-01
brae,8,2,3,4.925629629630e-02,6.263144973545e-01
brae,8,2,4,6.054179894180e-02,6.540156613757e-01
brae,9,3,0,0.000000000000e+00,1.153517037037e+00
brae,9,3,1,0.000000000000e+00,2.193676190476e+00
brae,10,3,0,1.340408590103e-01,0.000000000000e+00
brae,10,3,1,1.137433177716e-01,0.000000000000e+00
brae,11,2,0,2.850808590103e-01,1.074116402116e-01
brae,11,2,1,1.684180018674e-01,-1.074116402116e-01
brae,11,2,2,2.704112542795e-01,4.989678431373e-01
brae,11,2,3,1.629996140678e-01,2.119363087457e-01
brae,11,2,4,1.742851167134e-01,-7.109041518830e-01
brae,12,2,0,2.958220230314e-01,7.983485490196e-02
brae,12,2,1,1.576768378462e-01,3.390980939932e-02
brae,12,2,2,3.103286817305e-01,8.409529088080e-02
brae,12,2,3,1.799545187675e-01,2.964937342048e-02
brae,12,2,4,1.387399091192e-01,-2.843616607532e-02
brae,13,1,0,4.750220230314e-01,-1.766463741052e-01
brae,13,1,1,1.576768378462e-01,1.991509492686e-03
brae,13,1,2,4.603934516029e-01,2.564812290072e-01
brae,13,1,3,1.576768378462e-01,3.191829990663e-02
brae,13,1,4,4.657572531590e-01,1.868122990352e-01
brae,13,1,5,1.799545187675e-01,-5.161404593838e-02
brae,13,1,6,4.931858245876e-01,-1.027170081544e-01
brae,13,1,7,2.134783282913e-01,8.126341935885e-02
brae,13,1,8,3.022954646748e-01,3.203042280735e-01
brae,13,1,9,2.145917609711e-01,-3.487403941488e-01
brae,14,1,0,4.467586031746e-01,2.361364761371e-02
brae,14,1,1,1.579954793651e-01,-2.056950655106e-02
brae,14,1,2,4.897055920608e-01,4.111716585656e-02
brae,14,1,3,1.613246435499e-01,2.453558726246e-02
brae,14,1,4,4.871072301916e-01,6.660981932328e-02
brae,14,1,5,1.740557706603e-01,3.689727510560e-02
brae,14,1,6,4.814467379414e-01,8.838677424076e-02
brae,14,1,7,2.227655762180e-01,-6.928219128204e-02
brae,14,1,8,3.307669516146e-01,9.583526175705e-03
brae,14,1,9,1.835926148245e-01,-2.270209603644e-02
brae,15,0,0,8.467586031746e-01,-1.305702174630e-01
brae,15,0,1,4.467586031746e-01,1.541838650767e-01
brae,15,0,2,1.579954793651e-01,2.920922879943e-01
brae,15,0,3,1.579954793651e-01,-3.126617945454e-01
brae,15,0,4,8.097055920608e-01,9.504346512294e-02
brae,15,0,5,4.897055920608e-01,-5.392629926637e-02
brae,15,0,6,1.613246435499e-01,3.377829114366e-01
brae,15,0,7,1.613246435499e-01,-3.132473241741e-01
brae,15,0,8,8.071072301916e-01,6.272340923569e-02
brae,15,0,9,4.871072301916e-01,3.886410087591e-03
brae,15,0,10,1.740557706603e-01,3.490301379787e-01
brae,15,0,11,1.740557706603e-01,-3.121328628731e-01
brae,15,0,12,8.014467379414e-01,1.208723004066e-02
brae,15,0,13,4.814467379414e-01,7.629954420010e-02
brae,15,0,14,2.227655762180e-01,3.307983947720e-01
brae,15,0,15,2.227655762180e-01,-4.000805860541e-01
brae,15,0,16,7.307669516146e-01,-9.238802013171e-02
brae,15,0,17,4.907669516146e-01,1.019715463074e-01
brae,15,0,18,3.435926148245e-01,3.124954018680e-01
brae,15,0,19,3.169259481578e-01,-3.351974979044e-01
brae,16,0,0,8.206445596820e-01,3.020860828086e-02
brae,16,0,1,4.878743005284e-01,7.182874646795e-02
brae,16,0,2,2.358867561636e-01,1.045583783309e-01
brae,16,0,3,9.546312045600e-02,-3.476065397845e-02
brae,16,0,4,8.249125464805e-01,-7.854864843573e-03
brae,16,0,5,4.789203322075e-01,1.138712562250e-01
brae,16,0,6,2.288812258372e-01,1.543490549604e-01
brae,16,0,7,1.112050716820e-01,-1.075664995163e-01
brae,16,0,8,8.171429756693e-01,3.046287509083e-02
brae,16,0,9,4.878845122092e-01,8.509370407772e-02
brae,16,0,10,2.438617982560e-01,1.543583127953e-01
brae,16,0,11,1.241145126006e-01,-1.067530106154e-01
brae,16,0,12,8.033806947479e-01,1.539469764164e-02
brae,16,0,13,4.967066467814e-01,1.004462740276e-01
brae,16,0,14,2.889252551724e-01,1.372119859204e-01
brae,16,0,15,1.587526824494e-01,-1.084906960367e-01
brae,16,0,16,7.184485489304e-01,-2.281998106506e-04
brae,16,0,17,5.070823990238e-01,7.333507971616e-02
brae,16,0,18,3.935918791234e-01,1.002812070166e-01
brae,16,0,19,2.722329484372e-01,-8.105312905066e-02
brae,17,0,0,8.537642179896e-01,-4.928843713460e-02
brae,17,0,1,5.075639821816e-01,7.472761847242e-02
brae,17,0,2,2.454066983496e-01,1.087781562148e-01
brae,17,0,3,9.931583097870e-02,-3.616352805924e-02
brae,17,0,4,8.582044526422e-01,-8.888807985769e-02
brae,17,0,5,4.982486486780e-01,1.184668842015e-01
brae,17,0,6,2.381184381032e-01,1.605782901391e-01
brae,17,0,7,1.156930975060e-01,-1.119076794672e-01
brae,17,0,8,8.501213166860e-01,-4.902390859833e-02
brae,17,0,9,5.075746059864e-01,8.852792461807e-02
brae,17,0,10,2.537035980184e-01,1.605879216027e-01
brae,17,0,11,1.291235389809e-01,-1.110613596968e-01
brae,17,0,12,8.358036162028e-01,-6.470020911682e-02
brae,17,0,13,5.167527851813e-01,1.045000951793e-01
brae,17,0,14,3.005857306059e-01,1.427496014883e-01
brae,17,0,15,1.651596396833e-01,-1.128691748067e-01
brae,17,0,16,7.474437700300e-01,-1.213117208676e-01
brae,17,0,17,5.275472831095e-01,3.593664069240e-02
brae,17,0,18,4.094765010287e-01,6.397026259496e-02
brae,17,0,19,2.832197540231e-01,-1.246823834265e-01
brae,18,0,0,8.537642179896e-01,-4.928843713460e-02
brae,18,0,1,5.075639821816e-01,7.472761847242e-02
brae,18,0,2,2.454066983496e-01,1.087781562148e-01
brae,18,0,3,9.931583097870e-02,-3.616352805924e-02
brae,18,0,4,8.582044526422e-01,-8.888807985769e-02
brae,18,0,5,4.982486486780e-01,1.184668842015e-01
brae,18,0,6,2.381184381032e-01,1.605782901391e-01
brae,18,0,7,1.156930975060e-01,-1.119076794672e-01
brae,18,0,8,8.501213166860e-01,-4.902390859833e-02
brae,18,0,9,5.075746059864e-01,8.852792461807e-02
brae,18,0,10,2.537035980184e-01,1.605879216027e-01
brae,18,0,11,1.291235389809e-01,-1.110613596968e-01
brae,18,0,12,8.358036162028e-01,-6.470020911682e-02
brae,18,0,13,5.167527851813e-01,1.045000951793e-01
brae,18,0,14,3.005857306059e-01,1.427496014883e-01
brae,18,0,15,1.651596396833e-01,-1.128691748067e-01
brae,18,0,16,7.474437700300e-01,-1.213117208676e-01
brae,18,0,17,5.275472831095e-01,3.593664069240e-02
brae,18,0,18,4.094765010287e-01,6.397026259496e-02
brae,18,0,19,2.832197540231e-01,-1.246823834265e-01
brae,19,0,0,-9.857687426921e-03,-4.152415278172e-03
brae,19,0,1,1.992736492598e-02,5.778872143182e-02
brae,19,0,2,2.900750832395e-02,6.656594858492e-02
brae,19,0,3,-7.232705611847e-03,3.869573997352e-03
brae,19,0,4,-1.422209277723e-02,-1.178575193389e-02
brae,19,0,5,2.369337684030e-02,7.921989194049e-02
brae,19,0,6,3.211565802783e-02,9.902889879786e-02
brae,19,0,7,-1.790522871475e-02,-1.526840102896e-02
brae,19,0,8,-7.843825375732e-03,-1.667332303197e-02
brae,19,0,9,1.770558492361e-02,8.657273974458e-02
brae,19,0,10,3.211758432053e-02,9.271893001814e-02
brae,19,0,11,-1.776981755149e-02,-2.605898430266e-02
brae,19,0,12,-1.035203345869e-02,-1.605874427891e-02
brae,19,0,13,2.090001903587e-02,6.255335330923e-02
brae,19,0,14,2.854992029766e-02,7.374369770017e-02
brae,19,0,15,-1.805906796907e-02,-2.841805000538e-02
brae,19,0,16,-1.617489611569e-02,-2.886451512143e-02
brae,19,0,17,5.749862510785e-03,2.214769307386e-02
brae,19,0,18,1.023524201519e-02,3.046951753723e-02
brae,19,0,19,-1.662431779020e-02,-3.276030263918e-02
brae,20,0,0,-9.857687426921e-03,-4.152415278172e-03
brae,20,0,1,1.992736492598e-02,5.778872143182e-02
brae,20,0,2,2.900750832395e-02,6.656594858492e-02
brae,20,0,3,-7.232705611847e-03,3.869573997352e-03
brae,20,0,4,-1.422209277723e-02,-1.178575193389e-02
brae,20,0,5,2.369337684030e-02,7.921989194049e-02
brae,20,0,6,3.211565802783e-02,9.902889879786e-02
brae,20,0,7,-1.790522871475e-02,-1.526840102896e-02
brae,20,0,8,-7.843825375732e-03,-1.667332303197e-02
brae,20,0,9,1.770558492361e-02,8.657273974458e-02
brae,20,0,10,3.211758432053e-02,9.271893001814e-02
brae,20,0,11,-1.776981755149e-02,-2.605898430266e-02
brae,20,0,12,-1.035203345869e-02,-1.605874427891e-02
brae,20,0,13,2.090001903587e-02,6.255335330923e-02
brae,20,0,14,2.854992029766e-02,7.374369770017e-02
brae,20,0,15,-1.805906796907e-02,-2.841805000538e-02
brae,20,0,16,-1.617489611569e-02,-2.886451512143e-02
brae,20,0,17,5.749862510785e-03,2.214769307386e-02
brae,20,0,18,1.023524201519e-02,3.046951753723e-02
brae,20,0,19,-1.662431779020e-02,-3.276030263918e-02
brae,21,1,0,0.000000000000e+00,5.363630615364e-02
brae,21,1,1,0.000000000000e+00,7.043552258227e-02
brae,21,1,2,0.000000000000e+00,6.743414000660e-02
brae,21,1,3,0.000000000000e+00,8.376049776890e-02
brae,21,1,4,0.000000000000e+00,6.989941671261e-02
brae,21,1,5,0.000000000000e+00,6.665994571548e-02
brae,21,1,6,0.000000000000e+00,4.649460903032e-02
brae,21,1,7,0.000000000000e+00,4.532564769480e-02
brae,21,1,8,0.000000000000e+00,-6.716822047578e-03
brae,21,1,9,0.000000000000e+00,-2.290785101950e-03
brae,22,1,0,8.581808984583e-03,3.741046255969e-02
brae,22,1,1,1.126968361316e-02,4.181417013393e-02
brae,22,1,2,7.706758857897e-03,5.620008382124e-02
brae,22,1,3,9.572628316446e-03,6.223478465868e-02
brae,22,1,4,7.988504767155e-03,4.763901977559e-02
brae,22,1,5,7.618279510340e-03,5.082589858767e-02
brae,22,1,6,5.313669603465e-03,2.926190366529e-02
brae,22,1,7,5.180074022262e-03,2.920810747831e-02
brae,22,1,8,-5.970508486736e-04,9.080349455019e-03
brae,22,1,9,-2.036253423956e-04,9.304940175461e-03
brae,23,1,0,8.581808984583e-03,3.741046255969e-02
brae,23,1,1,1.126968361316e-02,4.181417013393e-02
brae,23,1,2,7.706758857897e-03,5.620008382124e-02
brae,23,1,3,9.572628316446e-03,6.223478465868e-02
brae,23,1,4,7.988504767155e-03,4.763901977559e-02
brae,23,1,5,7.618279510340e-03,5.082589858767e-02
brae,23,1,6,5.313669603465e-03,2.926190366529e-02
brae,23,1,7,5.180074022262e-03,2.920810747831e-02
brae,23,1,8,-5.970508486736e-04,9.080349455019e-03
brae,23,1,9,-2.036253423956e-04,9.304940175461e-03
brae,24,2,0,0.000000000000e+00,9.361054638093e-02
brae,24,2,1,0.000000000000e+00,1.040489547926e-01
brae,24,2,2,0.000000000000e+00,7.690092344088e-02
brae,24,2,3,0.000000000000e+00,8.003400606598e-02
brae,24,2,4,0.000000000000e+00,1.838528963048e-02
brae,25,2,0,9.361054638093e-03,5.183604798525e-02
brae,25,2,1,1.040489547926e-02,5.233734120527e-02
brae,25,2,2,6.152073875270e-03,4.874626389797e-02
brae,25,2,3,6.402720485278e-03,5.095926888531e-02
brae,25,2,4,9.192644815240e-04,2.878664664719e-02
brae,26,2,0,9.361054638093e-03,5.183604798525e-02
brae,26,2,1,1.040489547926e-02,5.233734120527e-02
brae,26,2,2,6.152073875270e-03,4.874626389797e-02
brae,26,2,3,6.402720485278e-03,5.095926888531e-02
brae,26,2,4,9.192644815240e-04,2.878664664719e-02
brae,27,3,0,0.000000000000e+00,1.041733891905e-01
brae,27,3,1,0.000000000000e+00,1.284921794305e-01
brae,28,3,0,1.108136050843e-02,0.000000000000e+00
brae,28,3,1,7.200734227675e-03,0.000000000000e+00
brae,29,2,0,2.044241514653e-02,-2.506466100084e-04
brae,29,2,1,2.148625598770e-02,2.506466100084e-04
brae,29,2,2,1.335280810295e-02,2.770457954878e-02
brae,29,2,3,1.360345471295e-02,2.991758453613e-02
brae,29,2,4,8.119998709199e-03,-5.762216408491e-02
brae,30,2,0,2.041735048553e-02,4.432732727805e-03
brae,30,2,1,2.151132064870e-02,4.786813525780e-03
brae,30,2,2,1.556917446685e-02,4.515383705044e-03
brae,30,2,3,1.599686147584e-02,4.704162548541e-03
brae,30,2,4,5.238890504954e-03,-2.304886563396e-03
brae,31,1,0,2.899915947011e-02,-2.330268248197e-03
brae,31,1,1,3.278100426186e-02,-2.302441326634e-03
brae,31,1,2,2.812410934342e-02,6.763000976002e-03
brae,31,1,3,3.108394896514e-02,7.089254852414e-03
brae,31,1,4,2.355767923400e-02,2.662470988824e-02
brae,31,1,5,2.361514098618e-02,2.943340697269e-02
brae,31,1,6,2.088284407031e-02,-2.210932618320e-02
brae,31,1,7,2.117693549811e-02,-2.472924442415e-02
brae,31,1,8,4.641839656280e-03,-1.692425650915e-03
brae,31,1,9,5.035265162558e-03,-6.124609124812e-04
brae,32,1,0,2.862631655040e-02,7.113845326139e-04
brae,32,1,1,3.241261364960e-02,7.870699240850e-04
brae,32,1,2,2.889702374068e-02,7.502762884795e-03
brae,32,1,3,3.189414951970e-02,8.181620022689e-03
brae,32,1,4,2.660050322123e-02,5.181028441454e-03
brae,32,1,5,2.697895892592e-02,4.897507765369e-03
brae,32,1,6,1.835606393509e-02,-1.463292296218e-03
brae,32,1,7,1.835073613535e-02,-8.538750805771e-04
brae,32,1,8,4.491401820643e-03,-5.446486370627e-03
brae,32,1,9,4.980824192560e-03,-5.925328743653e-03
brae,33,0,0,1.876862912348e-02,-6.113434118869e-02
brae,33,0,1,4.855368147638e-02,6.184572572130e-02
brae,33,0,2,6.142012197355e-02,6.226118735583e-02
brae,33,0,3,2.517990803775e-02,-6.147411743174e-02
brae,33,0,4,1.467493096345e-02,-7.214702712498e-02
brae,33,0,5,5.259040058098e-02,7.964979000978e-02
brae,33,0,6,6.400980754753e-02,9.163504655494e-02
brae,33,0,7,1.398892080495e-02,-8.345342653225e-02
brae,33,0,8,1.875667784550e-02,-7.582224824113e-02
brae,33,0,9,4.430608814484e-02,8.100327668258e-02
brae,33,0,10,5.909654324645e-02,8.862744211666e-02
brae,33,0,11,9.209141374428e-03,-8.372993435129e-02
brae,33,0,12,8.004030476399e-03,-5.839109497740e-02
brae,33,0,13,3.925608297096e-02,5.692780268118e-02
brae,33,0,14,4.690065643300e-02,6.900733634771e-02
brae,33,0,15,2.916681662721e-04,-6.986121142828e-02
brae,33,0,16,-1.168349429504e-02,-3.296546028956e-02
brae,33,0,17,1.024126433143e-02,2.751897391893e-02
brae,33,0,18,1.521606620775e-02,3.338835872298e-02
brae,33,0,19,-1.164349359764e-02,-3.931368746664e-02
brae,34,0,0,6.541760885740e-03,-7.278199052055e-03
brae,34,0,1,6.504587500206e-02,3.267521820337e-02
brae,34,0,2,7.802310526844e-02,3.497661682149e-02
brae,34,0,3,1.288508455140e-02,-9.044388436622e-03
brae,34,0,4,3.131406623454e-03,-2.285787537936e-02
brae,34,0,5,6.852035858294e-02,5.540629183514e-02
brae,34,0,6,8.233681685852e-02,5.523289078600e-02
brae,34,0,7,6.363725597904e-04,-2.405528897802e-02
brae,34,0,8,6.625118126919e-03,-1.984989384809e-02
brae,34,0,9,6.050674348136e-02,4.911010257946e-02
brae,34,0,10,7.682203166978e-02,5.265783084417e-02
brae,34,0,11,-4.187648121778e-03,-2.355084052061e-02
brae,34,0,12,-1.338544719985e-03,-1.681961288310e-02
brae,34,0,13,5.064164350719e-02,3.644814377294e-02
brae,34,0,14,6.070212370254e-02,3.707685979626e-02
brae,34,0,15,-1.088612566225e-02,-1.880938950787e-02
brae,34,0,16,-1.607888900032e-02,-1.153263142727e-02
brae,34,0,17,1.464430015846e-02,1.783609801043e-02
brae,34,0,18,2.055820360343e-02,1.964034984562e-02
brae,34,0,19,-1.688531859319e-02,-1.369839392618e-02
brae,35,0,0,8.733073102413e-01,-6.541184215096e-03
brae,35,0,1,6.141897271749e-01,1.022006715690e-02
brae,35,0,2,3.693122677128e-01,-4.677708643915e-03
brae,35,0,3,1.204240665079e-01,5.568844464207e-03
brae,35,0,4,8.724983295751e-01,-9.260787225065e-03
brae,35,0,5,6.101696707275e-01,2.180358090353e-02
brae,35,0,6,3.686453008116e-01,-1.311968641759e-03
brae,35,0,7,1.179528427832e-01,2.334186189986e-02
brae,35,0,8,8.697538796815e-01,-2.621488056613e-02
brae,35,0,9,6.071489062520e-01,2.826482861787e-02
brae,35,0,10,3.758344533811e-01,-5.317561204567e-03
brae,35,0,11,1.240367084963e-01,2.366638167503e-02
brae,35,0,12,8.429072820143e-01,-1.300265959846e-02
brae,35,0,13,6.011024498356e-01,-7.076230861947e-05
brae,35,0,14,3.981893367601e-01,-1.984507161098e-02
brae,35,0,15,1.500626279920e-01,3.201301852190e-02
brae,35,0,16,7.306774209561e-01,1.493626828531e-02
brae,35,0,17,5.560935120076e-01,-2.774945025548e-03
brae,35,0,18,4.459127442206e-01,-1.518075910952e-02
brae,35,0,19,2.601001132257e-01,3.537469285841e-02
brae,36,0,0,8.733073102413e-01,-6.541184215096e-03
brae,36,0,1,6.141897271749e-01,1.022006715690e-02
brae,36,0,2,3.693122677128e-01,-4.677708643915e-03
brae,36,0,3,1.204240665079e-01,5.568844464207e-03
brae,36,0,4,8.724983295751e-01,-9.260787225065e-03
brae,36,0,5,6.101696707275e-01,2.180358090353e-02
brae,36,0,6,3.686453008116e-01,-1.311968641759e-03
brae,36,0,7,1.179528427832e-01,2.334186189986e-02
brae,36,0,8,8.697538796815e-01,-2.621488056613e-02
brae,36,0,9,6.071489062520e-01,2.826482861787e-02
brae,36,0,10,3.758344533811e-01,-5.317561204567e-03
brae,36,0,11,1.240367084963e-01,2.366638167503e-02
brae,36,0,12,8.429072820143e-01,-1.300265959846e-02
brae,36,0,13,6.011024498356e-01,-7.076230861947e-05
brae,36,0,14,3.981893367601e-01,-1.984507161098e-02
brae,36,0,15,1.500626279920e-01,3.201301852190e-02
brae,36,0,16,7.306774209561e-01,1.493626828531e-02
brae,36,0,17,5.560935120076e-01,-2.774945025548e-03
brae,36,0,18,4.459127442206e-01,-1.518075910952e-02
brae,36,0,19,2.601001132257e-01,3.537469285841e-02
brae,37,0,0,-1.308236843019e-03,-6.461155718991e-05
brae,37,0,1,2.725351241840e-03,3.849103797356e-03
brae,37,0,2,-1.247388971711e-03,2.641184677546e-03
brae,37,0,3,1.113768892841e-03,3.601077825109e-03
brae,37,0,4,-1.481725956010e-03,-2.994058997908e-03
brae,37,0,5,4.360716180706e-03,1.099491346176e-02
brae,37,0,6,-2.623937283518e-04,5.522119143708e-03
brae,37,0,7,3.734697903978e-03,9.306368612467e-03
brae,37,0,8,-4.194380890581e-03,-3.152161881416e-03
brae,37,0,9,5.652965723574e-03,4.741636311062e-03
brae,37,0,10,-1.063512240913e-03,4.144666500117e-03
brae,37,0,11,3.786621068004e-03,1.252654496157e-02
brae,37,0,12,-2.080425535754e-03,-4.817562833956e-03
brae,37,0,13,-1.415246172389e-05,-8.546178001879e-04
brae,37,0,14,-3.969014322197e-03,-2.353517518854e-03
brae,37,0,15,5.122082963504e-03,1.093683616464e-02
brae,37,0,16,1.991502438042e-03,4.628369172211e-04
brae,37,0,17,-4.439912040876e-04,-1.006560486316e-03
brae,37,0,18,-2.428921457524e-03,-2.732531633735e-03
brae,37,0,19,4.716625714455e-03,9.768100077662e-03
brae,38,0,0,-1.308236843019e-03,-6.461155718991e-05
brae,38,0,1,2.725351241840e-03,3.849103797356e-03
brae,38,0,2,-1.247388971711e-03,2.641184677546e-03
brae,38,0,3,1.113768892841e-03,3.601077825109e-03
brae,38,0,4,-1.481725956010e-03,-2.994058997908e-03
brae,38,0,5,4.360716180706e-03,1.099491346176e-02
brae,38,0,6,-2.623937283518e-04,5.522119143708e-03
brae,38,0,7,3.734697903978e-03,9.306368612467e-03
brae,38,0,8,-4.194380890581e-03,-3.152161881416e-03
brae,38,0,9,5.652965723574e-03,4.741636311062e-03
brae,38,0,10,-1.063512240913e-03,4.144666500117e-03
brae,38,0,11,3.786621068004e-03,1.252654496157e-02
brae,38,0,12,-2.080425535754e-03,-4.817562833956e-03
brae,38,0,13,-1.415246172389e-05,-8.546178001879e-04
brae,38,0,14,-3.969014322197e-03,-2.353517518854e-03
brae,38,0,15,5.122082963504e-03,1.093683616464e-02
brae,38,0,16,1.991502438042e-03,4.628369172211e-04
brae,38,0,17,-4.439912040876e-04,-1.006560486316e-03
brae,38,0,18,-2.428921457524e-03,-2.732531633735e-03
brae,38,0,19,4.716625714455e-03,9.768100077662e-03
brae,39,1,0,0.000000000000e+00,3.784492240166e-03
brae,39,1,1,0.000000000000e+00,6.242262502655e-03
brae,39,1,2,0.000000000000e+00,8.000854463850e-03
brae,39,1,3,0.000000000000e+00,1.482848775617e-02
brae,39,1,4,0.000000000000e+00,1.589474429645e-03
brae,39,1,5,0.000000000000e+00,1.667121146169e-02
brae,39,1,6,0.000000000000e+00,-5.672180634144e-03
brae,39,1,7,0.000000000000e+00,8.583318645788e-03
brae,39,1,8,0.000000000000e+00,-5.437235690946e-04
brae,39,1,9,0.000000000000e+00,7.035568443928e-03
brae,40,1,0,6.055187584265e-04,3.584427183052e-03
brae,40,1,1,9.987620004248e-04,5.243339888940e-03
brae,40,1,2,9.143833672972e-04,4.869201165676e-03
brae,40,1,3,1.694684314991e-03,9.688167539197e-03
brae,40,1,4,1.816542205309e-04,2.755444499769e-03
brae,40,1,5,1.905281309908e-03,8.867166547603e-03
brae,40,1,6,-6.482492153307e-04,1.131610487698e-04
brae,40,1,7,9.809507023758e-04,6.129744857007e-03
brae,40,1,8,-4.833098391952e-05,-7.798592827979e-04
brae,40,1,9,6.253838616825e-04,3.320684109618e-03
brae,41,1,0,6.055187584265e-04,3.584427183052e-03
brae,41,1,1,9.987620004248e-04,5.243339888940e-03
brae,41,1,2,9.143833672972e-04,4.869201165676e-03
brae,41,1,3,1.694684314991e-03,9.688167539197e-03
brae,41,1,4,1.816542205309e-04,2.755444499769e-03
brae,41,1,5,1.905281309908e-03,8.867166547603e-03
brae,41,1,6,-6.482492153307e-04,1.131610487698e-04
brae,41,1,7,9.809507023758e-04,6.129744857007e-03
brae,41,1,8,-4.833098391952e-05,-7.798592827979e-04
brae,41,1,9,6.253838616825e-04,3.320684109618e-03
brae,42,2,0,0.000000000000e+00,8.453628348729e-03
brae,42,2,1,0.000000000000e+00,1.493150742814e-02
brae,42,2,2,0.000000000000e+00,2.868605548539e-03
brae,42,2,3,0.000000000000e+00,1.499691140461e-02
brae,42,2,4,0.000000000000e+00,2.540824826820e-03
brae,43,2,0,8.453628348729e-04,5.136004043139e-03
brae,43,2,1,1.493150742814e-03,7.076532980111e-03
brae,43,2,2,2.294884438831e-04,4.918035086873e-03
brae,43,2,3,1.199752912369e-03,6.698743136998e-03
brae,43,2,4,1.270412413410e-04,3.366647677868e-03
brae,44,2,0,8.453628348729e-04,5.136004043139e-03
brae,44,2,1,1.493150742814e-03,7.076532980111e-03
brae,44,2,2,2.294884438831e-04,4.918035086873e-03
brae,44,2,3,1.199752912369e-03,6.698743136998e-03
brae,44,2,4,1.270412413410e-04,3.366647677868e-03
brae,45,3,0,0.000000000000e+00,1.221253702325e-02
brae,45,3,1,0.000000000000e+00,1.498342590174e-02
brae,46,3,0,1.297921294724e-03,-1.734723475977e-18
brae,46,3,1,8.406296283598e-04,0.000000000000e+00
brae,47,2,0,2.143284129597e-03,-9.702644684857e-04
brae,47,2,1,2.791072037538e-03,9.702644684857e-04
brae,47,2,2,1.070118072243e-03,2.470099906163e-03
brae,47,2,3,2.040382540729e-03,4.250807956287e-03
brae,47,2,4,9.676708697008e-04,-6.720907862450e-03
brae,48,2,0,2.046257682748e-03,3.952159849860e-04
brae,48,2,1,2.888098484386e-03,6.801292730059e-04
brae,48,2,2,1.267726064736e-03,3.080055742964e-04
brae,48,2,3,2.380447177232e-03,7.673396836956e-04
brae,48,2,4,6.316254765783e-04,-2.688363144980e-04
brae,49,1,0,2.651776441175e-03,3.337526191935e-04
brae,49,1,1,3.886860484811e-03,-1.374697881470e-03
brae,49,1,2,2.960641050046e-03,6.146336579251e-05
brae,49,1,3,4.582782799378e-03,2.054827154476e-03
brae,49,1,4,1.449380285267e-03,2.889776718818e-03
brae,49,1,5,4.285728487139e-03,4.008853694954e-03
brae,49,1,6,6.194768494052e-04,-2.581771144522e-03
brae,49,1,7,3.361397879607e-03,-3.241514011259e-03
brae,49,1,8,5.832944926588e-04,-3.297410965952e-03
brae,49,1,9,1.257009338261e-03,3.028574651454e-03
brae,50,1,0,2.705176860246e-03,-1.391523678726e-04
brae,50,1,1,3.666908823776e-03,2.481356209429e-04
brae,50,1,2,2.967665434708e-03,1.014451293256e-03
brae,50,1,3,4.817620188461e-03,8.943959094762e-04
brae,50,1,4,1.779640481703e-03,4.600397023345e-04
brae,50,1,5,4.743883195134e-03,8.607882253056e-04
brae,50,1,6,3.244172900313e-04,-8.124989741226e-04
brae,50,1,7,2.990939135464e-03,5.113603257336e-04
brae,50,1,8,2.901912956852e-04,-9.803946762535e-04
brae,50,1,9,1.526215973946e-03,-4.283057549703e-04
brae,51,0,0,1.396940017227e-03,-5.212476703220e-03
brae,51,0,1,5.430528102086e-03,5.073324335347e-03
brae,51,0,2,2.419519852065e-03,2.830164078701e-03
brae,51,0,3,4.780677716617e-03,-2.582028457758e-03
brae,51,0,4,1.485939478697e-03,-1.037990339479e-02
brae,51,0,5,7.328381615413e-03,1.139435468804e-02
brae,51,0,6,4.555226460109e-03,2.447716031943e-03
brae,51,0,7,8.552318092439e-03,-1.553320122467e-03
brae,51,0,8,-2.414740408878e-03,-6.978641083490e-03
brae,51,0,9,7.432606205278e-03,7.438680785825e-03
brae,51,0,10,3.680370954220e-03,-4.987832796575e-04
brae,51,0,11,8.530504263138e-03,1.359571504963e-03
brae,51,0,12,-1.756008245723e-03,-4.045400216693e-03
brae,51,0,13,3.102648283074e-04,3.232901242570e-03
brae,51,0,14,-9.780751867333e-04,-4.731818466134e-03
brae,51,0,15,8.113022098968e-03,5.243178791868e-03
brae,51,0,16,2.281693733727e-03,-6.637022711738e-04
brae,51,0,17,-1.537999084024e-04,-3.166924050797e-04
brae,51,0,18,-9.027054835784e-04,-5.556265098368e-03
brae,51,0,19,6.242841688400e-03,5.127959343398e-03
brae,52,0,0,3.544446765826e-04,-1.350393394384e-03
brae,52,0,1,6.783414591512e-03,3.005750885021e-03
brae,52,0,2,3.174230273052e-03,1.892056820003e-03
brae,52,0,3,4.264272025066e-03,-1.022649015936e-05
brae,52,0,4,-1.748450644690e-04,-1.956187655351e-03
brae,52,0,5,9.607252553022e-03,3.948252247422e-03
brae,52,0,6,5.044769666498e-03,3.174836689458e-03
brae,52,0,7,8.303786872844e-03,-1.199950688623e-04
brae,52,0,8,-3.531322982237e-03,-2.216040637370e-03
brae,52,0,9,8.920342362443e-03,3.196848113998e-03
brae,52,0,10,3.580614298289e-03,1.148690455189e-03
brae,52,0,11,8.748035703932e-03,7.625350321652e-04
brae,52,0,12,-2.403272280393e-03,-1.367576004339e-03
brae,52,0,13,9.568450768214e-04,4.900178929686e-04
brae,52,0,14,-1.924438879960e-03,-4.496339096844e-04
brae,52,0,15,8.951930705667e-03,1.003531418394e-03
brae,52,0,16,2.193200097571e-03,-8.306752737183e-04
brae,52,0,17,-2.044706932152e-04,-3.942542843973e-04
brae,52,0,18,-1.791707899317e-03,-1.424559585260e-03
brae,52,0,19,6.926569600853e-03,9.754980596395e-04
brae,53,0,0,8.740251137422e-01,-4.754659762344e-05
brae,53,0,1,6.235136093732e-01,1.110899292199e-03
brae,53,0,2,3.748969010374e-01,7.753064007140e-04
brae,53,0,3,1.255274070265e-01,3.665849699450e-05
brae,53,0,4,8.725392989981e-01,1.986164311178e-04
brae,53,0,5,6.227297126321e-01,2.982579297126e-04
brae,53,0,6,3.764249931132e-01,1.018964022517e-03
brae,53,0,7,1.272493855657e-01,-5.871725772995e-04
brae,53,0,8,8.661402850473e-01,9.218153280227e-04
brae,53,0,9,6.187392069737e-01,-6.822375332576e-04
brae,53,0,10,3.818429372402e-01,-8.456962972061e-04
brae,53,0,11,1.337073551114e-01,3.509509939322e-04
brae,53,0,12,8.403447345928e-01,8.245013879104e-04
brae,53,0,13,6.035616554419e-01,-1.171488498456e-03
brae,53,0,14,3.976544974651e-01,-9.017047038109e-04
brae,53,0,15,1.597954037453e-01,-1.731023211399e-04
brae,53,0,16,7.328462338625e-01,-3.959743442773e-04
brae,53,0,17,5.563366942377e-01,-7.592931552348e-04
brae,53,0,18,4.445162887291e-01,-1.148188113730e-03
brae,53,0,19,2.674420638288e-01,-3.406904985922e-04
brae,54,0,0,8.740251137422e-01,-4.754659762344e-05
brae,54,0,1,6.235136093732e-01,1.110899292199e-03
brae,54,0,2,3.748969010374e-01,7.753064007140e-04
brae,54,0,3,1.255274070265e-01,3.665849699450e-05
brae,54,0,4,8.725392989981e-01,1.986164311178e-04
brae,54,0,5,6.227297126321e-01,2.982579297126e-04
brae,54,0,6,3.764249931132e-01,1.018964022517e-03
brae,54,0,7,1.272493855657e-01,-5.871725772995e-04
brae,54,0,8,8.661402850473e-01,9.218153280227e-04
brae,54,0,9,6.187392069737e-01,-6.822375332576e-04
brae,54,0,10,3.818429372402e-01,-8.456962972061e-04
brae,54,0,11,1.337073551114e-01,3.509509939322e-04
brae,54,0,12,8.403447345928e-01,8.245013879104e-04
brae,54,0,13,6.035616554419e-01,-1.171488498456e-03
brae,54,0,14,3.976544974651e-01,-9.017047038109e-04
brae,54,0,15,1.597954037453e-01,-1.731023211399e-04
brae,54,0,16,7.328462338625e-01,-3.959743442773e-04
brae,54,0,17,5.563366942377e-01,-7.592931552348e-04
brae,54,0,18,4.445162887291e-01,-1.148188113730e-03
brae,54,0,19,2.674420638288e-01,-3.406904985922e-04
brae,55,0,0,-9.509319524689e-06,3.185091207071e-04
brae,55,0,1,2.962398112530e-04,4.790704983813e-04
brae,55,0,2,2.067483735237e-04,6.624255952980e-04
brae,55,0,3,7.331699398899e-06,1.201324605547e-04
brae,55,0,4,3.177862897884e-05,2.373560051250e-04
brae,55,0,5,5.965158594252e-05,4.550153240261e-04
brae,55,0,6,2.037928045033e-04,2.071058921604e-04
brae,55,0,7,-9.394761236792e-05,1.498421474715e-04
brae,55,0,8,1.474904524836e-04,2.116144099975e-04
brae,55,0,9,-1.364475066515e-04,-3.327424273577e-04
brae,55,0,10,-1.691392594412e-04,-2.259827433224e-04
brae,55,0,11,5.615215902915e-05,-2.205930444051e-04
brae,55,0,12,1.319202220657e-04,2.529645113760e-05
brae,55,0,13,-2.342976996911e-04,-5.406528298767e-04
brae,55,0,14,-1.803409407622e-04,-7.951843694737e-04
brae,55,0,15,-2.769637138239e-05,-2.042346457733e-04
brae,55,0,16,-5.279657923697e-05,-6.876155162737e-05
brae,55,0,17,-1.214869048376e-04,-6.226630081719e-04
brae,55,0,18,-1.837100981968e-04,-5.768908681581e-04
brae,55,0,19,-4.542539981230e-05,-2.795445692976e-04
brae,56,0,0,-9.509319524689e-06,3.185091207071e-04
brae,56,0,1,2.962398112530e-04,4.790704983813e-04
brae,56,0,2,2.067483735237e-04,6.624255952980e-04
brae,56,0,3,7.331699398899e-06,1.201324605547e-04
brae,56,0,4,3.177862897884e-05,2.373560051250e-04
brae,56,0,5,5.965158594252e-05,4.550153240261e-04
brae,56,0,6,2.037928045033e-04,2.071058921604e-04
brae,56,0,7,-9.394761236792e-05,1.498421474715e-04
brae,56,0,8,1.474904524836e-04,2.116144099975e-04
brae,56,0,9,-1.364475066515e-04,-3.327424273577e-04
brae,56,0,10,-1.691392594412e-04,-2.259827433224e-04
brae,56,0,11,5.615215902915e-05,-2.205930444051e-04
brae,56,0,12,1.319202220657e-04,2.529645113760e-05
brae,56,0,13,-2.342976996911e-04,-5.406528298767e-04
brae,56,0,14,-1.803409407622e-04,-7.951843694737e-04
brae,56,0,15,-2.769637138239e-05,-2.042346457733e-04
brae,56,0,16,-5.279657923697e-05,-6.876155162737e-05
brae,56,0,17,-1.214869048376e-04,-6.226630081719e-04
brae,56,0,18,-1.837100981968e-04,-5.768908681581e-04
brae,56,0,19,-4.542539981230e-05,-2.795445692976e-04
brae,57,1,0,0.000000000000e+00,7.975796190884e-04
brae,57,1,1,0.000000000000e+00,7.825580558527e-04
brae,57,1,2,0.000000000000e+00,6.923713291511e-04
brae,57,1,3,0.000000000000e+00,3.569480396319e-04
brae,57,1,4,0.000000000000e+00,-1.211280173602e-04
brae,57,1,5,0.000000000000e+00,-4.465757877275e-04
brae,57,1,6,0.000000000000e+00,-5.153563787391e-04
brae,57,1,7,0.000000000000e+00,-9.994190152470e-04
brae,57,1,8,0.000000000000e+00,-6.914245597992e-04
brae,57,1,9,0.000000000000e+00,-8.564354374557e-04
brae,58,1,0,1.276127390541e-04,4.429815165601e-04
brae,58,1,1,1.252092889364e-04,3.657124735691e-04
brae,58,1,2,7.912815190299e-05,4.068074016427e-04
brae,58,1,3,4.079406167222e-05,2.988618719359e-04
brae,58,1,4,-1.384320198402e-05,-3.480227626101e-05
brae,58,1,5,-5.103723288314e-05,-2.500088682416e-04
brae,58,1,6,-5.889787185590e-05,-3.678969174862e-04
brae,58,1,7,-1.142193160282e-04,-5.131113295526e-04
brae,58,1,8,-6.145996087104e-05,-3.322082501122e-04
brae,58,1,9,-7.612759444051e-05,-4.611856804186e-04
brae,59,1,0,1.276127390541e-04,4.429815165601e-04
brae,59,1,1,1.252092889364e-04,3.657124735691e-04
brae,59,1,2,7.912815190299e-05,4.068074016427e-04
brae,59,1,3,4.079406167222e-05,2.988618719359e-04
brae,59,1,4,-1.384320198402e-05,-3.480227626101e-05
brae,59,1,5,-5.103723288314e-05,-2.500088682416e-04
brae,59,1,6,-5.889787185590e-05,-3.678969174862e-04
brae,59,1,7,-1.142193160282e-04,-5.131113295526e-04
brae,59,1,8,-6.145996087104e-05,-3.322082501122e-04
brae,59,1,9,-7.612759444051e-05,-4.611856804186e-04
brae,60,2,0,0.000000000000e+00,8.497889182028e-04
brae,60,2,1,0.000000000000e+00,6.645743455051e-04
brae,60,2,2,0.000000000000e+00,-4.026991937472e-04
brae,60,2,3,0.000000000000e+00,-7.631201977942e-04
brae,60,2,4,0.000000000000e+00,-7.933939305308e-04
brae,61,2,0,8.497889182028e-05,2.384407817420e-04
brae,61,2,1,6.645743455051e-05,1.807734210945e-04
brae,61,2,2,-3.221593549978e-05,-1.120206798090e-04
brae,61,2,3,-6.104961582353e-05,-1.634804345105e-04
brae,61,2,4,-3.966969652654e-05,-3.452098887528e-04
brae,62,2,0,8.497889182028e-05,2.384407817420e-04
brae,62,2,1,6.645743455051e-05,1.807734210945e-04
brae,62,2,2,-3.221593549978e-05,-1.120206798090e-04
brae,62,2,3,-6.104961582353e-05,-1.634804345105e-04
brae,62,2,4,-3.966969652654e-05,-3.452098887528e-04
brae,63,3,0,0.000000000000e+00,4.192142028365e-04
brae,63,3,1,0.000000000000e+00,-6.207110030723e-04
brae,64,3,0,2.786138549922e-05,0.000000000000e+00
brae,64,3,1,-2.121939421147e-05,0.000000000000e+00
brae,65,2,0,1.128402773195e-04,2.883368032376e-05
brae,65,2,1,9.431882004972e-05,-2.883368032376e-05
brae,65,2,2,-5.343532971125e-05,7.101845645825e-05
brae,65,2,3,-8.226901003501e-05,1.955870175683e-05
brae,65,2,4,-6.088909073801e-05,-9.057715821508e-05
brae,66,2,0,1.157236453519e-04,1.136295303332e-05
brae,66,2,1,9.143545201735e-05,3.129392281093e-06
brae,66,2,2,-4.775385319459e-05,1.404210381599e-05
brae,66,2,3,-8.070431389446e-05,4.502414984270e-07
brae,66,2,4,-6.541794864877e-05,-3.623086328603e-06
brae,67,1,0,2.433363844060e-04,1.872460325218e-04
brae,67,1,1,2.166447409538e-04,2.071297628689e-04
brae,67,1,2,1.948517972549e-04,-1.758830794885e-04
brae,67,1,3,1.322295136896e-04,-2.040003705879e-04
brae,67,1,4,-6.159705517861e-05,3.547099665212e-04
brae,67,1,5,-1.317415467776e-04,2.886297520709e-04
brae,67,1,6,-1.066517250505e-04,-3.406678627052e-04
brae,67,1,7,-1.949236299227e-04,-2.881795105724e-04
brae,67,1,8,-1.268779095198e-04,9.562763268881e-05
brae,67,1,9,-1.415455430893e-04,-9.925071901742e-05
brae,68,1,0,2.732957496095e-04,3.038812182317e-05
brae,68,1,1,2.497855030128e-04,2.475666164291e-05
brae,68,1,2,1.747508738847e-04,8.250435021838e-05
brae,68,1,3,1.089151856224e-04,7.135304138943e-05
brae,68,1,4,-2.105877329047e-05,-1.414053610337e-05
brae,68,1,5,-9.875528939808e-05,-1.423402624861e-05
brae,68,1,6,-1.455851950739e-04,-2.991341939479e-06
brae,68,1,7,-2.278584311310e-04,-4.824142964865e-05
brae,68,1,8,-1.183776755030e-04,-6.756369964403e-05
brae,68,1,9,-1.503678292242e-04,-7.721951220326e-05
brae,69,0,0,2.637864300848e-04,-3.266272542367e-04
brae,69,0,1,5.695355608625e-04,3.570153760598e-04
brae,69,0,2,4.565338765365e-04,5.450655245043e-04
brae,69,0,3,2.571172024117e-04,-5.203088628613e-04
brae,69,0,4,2.065295028636e-04,-2.094105140949e-04
brae,69,0,5,2.344024598273e-04,2.919148643133e-04
brae,69,0,6,3.127079901257e-04,2.061414227927e-04
brae,69,0,7,1.496757325447e-05,-1.347883814033e-04
brae,69,0,8,1.264316791932e-04,3.250151819702e-04
brae,69,0,9,-1.575062799420e-04,-3.391557180736e-04
brae,69,0,10,-2.678945488393e-04,-6.971889392725e-05
brae,69,0,11,-4.260313036892e-05,5.548486767864e-05
brae,69,0,12,-1.366497300828e-05,4.682007826399e-04
brae,69,0,13,-3.798828947651e-04,-4.711921245794e-04
brae,69,0,14,-4.081993718931e-04,-5.063173897770e-04
brae,69,0,15,-2.555548025134e-04,4.580759601283e-04
brae,69,0,16,-1.711742547400e-04,3.775416308138e-04
brae,69,0,17,-2.398645803406e-04,-4.451053304579e-04
brae,69,0,18,-3.340779274210e-04,-3.216556578954e-04
brae,69,0,19,-1.957932290365e-04,2.444361456922e-04
brae,70,0,0,1.984609792375e-04,-3.627032819902e-06
brae,70,0,1,6.647396611451e-04,2.098114037618e-04
brae,70,0,2,6.018846830710e-04,1.413837171698e-04
brae,70,0,3,1.530554298394e-04,1.972289293767e-05
brae,70,0,4,1.730238206084e-04,3.177848311580e-06
brae,70,0,5,2.927854326899e-04,9.347853183392e-05
brae,70,0,6,3.539362746843e-04,2.094521441457e-04
brae,70,0,7,-6.598567770065e-06,-8.091358546580e-05
brae,70,0,8,1.784341083084e-04,3.857833574652e-05
brae,70,0,9,-2.253374235567e-04,-6.562794533814e-05
brae,70,0,10,-2.818383276248e-04,-1.329325369684e-04
brae,70,0,11,-3.372555154034e-05,4.887920734628e-05
brae,70,0,12,6.124715221410e-05,1.017430448359e-04
brae,70,0,13,-4.741213196810e-04,-2.596377741369e-04
brae,70,0,14,-5.094628498485e-04,-1.876184332995e-04
brae,70,0,15,-1.822626488928e-04,3.182077899114e-05
brae,70,0,16,-1.208353706315e-04,7.920359851189e-05
brae,70,0,17,-3.110814332139e-04,-1.843855121622e-04
brae,70,0,18,-3.855428326842e-04,-2.042199763155e-04
brae,70,0,19,-1.632017429442e-04,7.071447749570e-05
brae,71,0,0,8.742683575629e-01,2.330623733760e-05
brae,71,0,1,6.243469422947e-01,-9.239890980253e-06
brae,71,0,2,3.756437585328e-01,1.915318083420e-05
brae,71,0,3,1.257272255949e-01,1.199914101910e-06
brae,71,0,4,8.727497941943e-01,-1.360424646411e-05
brae,71,0,5,6.231194708973e-01,-8.528724323464e-06
brae,71,0,6,3.768762608895e-01,4.091674320537e-05
brae,71,0,7,1.272663437611e-01,-3.589827756129e-05
brae,71,0,8,8.663475382647e-01,-7.921877068279e-05
brae,71,0,9,6.184963574865e-01,-1.026889207120e-05
brae,71,0,10,3.815163871101e-01,3.299233106653e-05
brae,71,0,11,1.336923340435e-01,-7.900064258330e-05
brae,71,0,12,8.404123208722e-01,-1.716696003391e-05
brae,71,0,13,6.029917647819e-01,-6.569839697167e-05
brae,71,0,14,3.970335883519e-01,1.747972005393e-05
brae,71,0,15,1.595999387035e-01,-1.042018806673e-05
brae,71,0,16,7.327051343543e-01,1.406087665652e-04
brae,71,0,17,5.559590940200e-01,-5.482843171188e-05
brae,71,0,18,4.440437425322e-01,3.732064505420e-05
brae,71,0,19,2.672633509341e-01,6.357563108727e-05
brae,72,0,0,8.742683575629e-01,2.330623733760e-05
brae,72,0,1,6.243469422947e-01,-9.239890980253e-06
brae,72,0,2,3.756437585328e-01,1.915318083420e-05
brae,72,0,3,1.257272255949e-01,1.199914101910e-06
brae,72,0,4,8.727497941943e-01,-1.360424646411e-05
brae,72,0,5,6.231194708973e-01,-8.528724323464e-06
brae,72,0,6,3.768762608895e-01,4.091674320537e-05
brae,72,0,7,1.272663437611e-01,-3.589827756129e-05
brae,72,0,8,8.663475382647e-01,-7.921877068279e-05
brae,72,0,9,6.184963574865e-01,-1.026889207120e-05
brae,72,0,10,3.815163871101e-01,3.299233106653e-05
brae,72,0,11,1.336923340435e-01,-7.900064258330e-05
brae,72,0,12,8.404123208722e-01,-1.716696003391e-05
brae,72,0,13,6.029917647819e-01,-6.569839697167e-05
brae,72,0,14,3.970335883519e-01,1.747972005393e-05
brae,72,0,15,1.595999387035e-01,-1.042018806673e-05
brae,72,0,16,7.327051343543e-01,1.406087665652e-04
brae,72,0,17,5.559590940200e-01,-5.482843171188e-05
brae,72,0,18,4.440437425322e-01,3.732064505420e-05
brae,72,0,19,2.672633509341e-01,6.357563108727e-05
brae,73,0,0,4.661247467519e-06,2.059710519423e-08
brae,73,0,1,-2.463970928067e-06,6.215039295896e-06
brae,73,0,2,5.107514889120e-06,9.789996700228e-06
brae,73,0,3,2.399828203820e-07,-3.962267003044e-07
brae,73,0,4,-2.176679434258e-06,-1.244034999924e-05
brae,73,0,5,-1.705744864693e-06,-2.168250001836e-07
brae,73,0,6,8.183348641073e-06,1.243986046900e-05
brae,73,0,7,-5.743724409806e-06,-1.139642686413e-05
brae,73,0,8,-1.267500330925e-05,-2.282092559048e-05
brae,73,0,9,-2.053778414239e-06,-2.297573976921e-05
brae,73,0,10,6.598466213306e-06,3.583877637599e-06
brae,73,0,11,-1.264010281333e-05,-1.661261680384e-05
brae,73,0,12,-2.746713605425e-06,-1.050023916833e-05
brae,73,0,13,-1.313967939433e-05,-2.321677647711e-05
brae,73,0,14,3.495944010785e-06,1.258803947754e-06
brae,73,0,15,-1.667230090677e-06,-2.751445604252e-06
brae,73,0,16,1.874783554203e-05,1.660249063372e-05
brae,73,0,17,-8.772549073901e-06,6.137730139906e-07
brae,73,0,18,5.971303208672e-06,1.066427475936e-05
brae,73,0,19,8.476750811636e-06,1.701919933545e-05
brae,74,0,0,4.661247467519e-06,2.059710519423e-08
brae,74,0,1,-2.463970928067e-06,6.215039295896e-06
brae,74,0,2,5.107514889120e-06,9.789996700228e-06
brae,74,0,3,2.399828203820e-07,-3.962267003044e-07
brae,74,0,4,-2.176679434258e-06,-1.244034999924e-05
brae,74,0,5,-1.705744864693e-06,-2.168250001836e-07
brae,74,0,6,8.183348641073e-06,1.243986046900e-05
brae,74,0,7,-5.743724409806e-06,-1.139642686413e-05
brae,74,0,8,-1.267500330925e-05,-2.282092559048e-05
brae,74,0,9,-2.053778414239e-06,-2.297573976921e-05
brae,74,0,10,6.598466213306e-06,3.583877637599e-06
brae,74,0,11,-1.264010281333e-05,-1.661261680384e-05
brae,74,0,12,-2.746713605425e-06,-1.050023916833e-05
brae,74,0,13,-1.313967939433e-05,-2.321677647711e-05
brae,74,0,14,3.495944010785e-06,1.258803947754e-06
brae,74,0,15,-1.667230090677e-06,-2.751445604252e-06
brae,74,0,16,1.874783554203e-05,1.660249063372e-05
brae,74,0,17,-8.772549073901e-06,6.137730139906e-07
brae,74,0,18,5.971303208672e-06,1.066427475936e-05
brae,74,0,19,8.476750811636e-06,1.701919933545e-05
brae,75,1,0,0.000000000000e+00,6.235636401090e-06
brae,75,1,1,0.000000000000e+00,9.393769999924e-06
brae,75,1,2,0.000000000000e+00,-1.265717499943e-05
brae,75,1,3,0.000000000000e+00,1.043433604871e-06
brae,75,1,4,0.000000000000e+00,-4.579666535969e-05
brae,75,1,5,0.000000000000e+00,-1.302873916624e-05
brae,75,1,6,0.000000000000e+00,-3.371701564545e-05
brae,75,1,7,0.000000000000e+00,-1.492641656498e-06
brae,75,1,8,0.000000000000e+00,1.721626364771e-05
brae,75,1,9,0.000000000000e+00,2.768347409481e-05
brae,76,1,0,9.977018241745e-07,-1.429380910914e-07
brae,76,1,1,1.503003199988e-06,3.114954933844e-06
brae,76,1,2,-1.446534285649e-06,-1.088459102176e-05
brae,76,1,3,1.192495548424e-07,-1.209838688410e-06
brae,76,1,4,-5.233904612535e-06,-2.124814683833e-05
brae,76,1,5,-1.488998761856e-06,-7.942328571869e-06
brae,76,1,6,-3.853373216622e-06,-1.432113087912e-05
brae,76,1,7,-1.705876178855e-07,-2.208392565890e-06
brae,76,1,8,1.530334546463e-06,-1.802740450832e-06
brae,76,1,9,2.460753252872e-06,6.725854129654e-06
brae,77,1,0,9.977018241745e-07,-1.429380910914e-07
brae,77,1,1,1.503003199988e-06,3.114954933844e-06
brae,77,1,2,-1.446534285649e-06,-1.088459102176e-05
brae,77,1,3,1.192495548424e-07,-1.209838688410e-06
brae,77,1,4,-5.233904612535e-06,-2.124814683833e-05
brae,77,1,5,-1.488998761856e-06,-7.942328571869e-06
brae,77,1,6,-3.853373216622e-06,-1.432113087912e-05
brae,77,1,7,-1.705876178855e-07,-2.208392565890e-06
brae,77,1,8,1.530334546463e-06,-1.802740450832e-06
brae,77,1,9,2.460753252872e-06,6.725854129654e-06
brae,78,2,0,0.000000000000e+00,-1.102752911286e-05
brae,78,2,1,0.000000000000e+00,1.905116245434e-06
brae,78,2,2,0.000000000000e+00,-3.556927771745e-05
brae,78,2,3,0.000000000000e+00,-1.015072113776e-05
brae,78,2,4,0.000000000000e+00,4.923113678822e-06
brae,79,2,0,-1.102752911286e-06,-7.515567008277e-06
brae,79,2,1,1.905116245434e-07,-3.448597955526e-06
brae,79,2,2,-2.845542217396e-06,-1.045116538022e-05
brae,79,2,3,-8.120576910207e-07,-6.847894045376e-06
brae,79,2,4,2.461556839411e-07,-6.330577081070e-06
brae,80,2,0,-1.102752911286e-06,-7.515567008277e-06
brae,80,2,1,1.905116245434e-07,-3.448597955526e-06
brae,80,2,2,-2.845542217396e-06,-1.045116538022e-05
brae,80,2,3,-8.120576910207e-07,-6.847894045376e-06
brae,80,2,4,2.461556839411e-07,-6.330577081070e-06
brae,81,3,0,0.000000000000e+00,-1.096416496380e-05
brae,81,3,1,0.000000000000e+00,-2.362963650667e-05
brae,82,3,0,-1.314920974845e-06,1.694065894509e-21
brae,82,3,1,-1.203721683585e-06,3.388131789017e-21
brae,83,2,0,-2.417673886131e-06,-2.033484526376e-06
brae,83,2,1,-1.124409350302e-06,2.033484526376e-06
brae,83,2,2,-4.049263900982e-06,-5.858677228400e-06
brae,83,2,3,-2.015779374606e-06,-2.255405893554e-06
brae,83,2,4,-9.575659996442e-07,8.114083121954e-06
brae,84,2,0,-2.621022338769e-06,-9.373883565440e-07
brae,84,2,1,-9.210608976645e-07,-3.608649429687e-07
brae,84,2,2,-4.517958079254e-06,-1.127888981728e-06
brae,84,2,3,-2.196211846090e-06,-1.703643177843e-07
brae,84,2,4,-5.518618435465e-07,3.245633248782e-07
brae,85,1,0,-1.623320514594e-06,6.799068027550e-06
brae,85,1,1,5.819423023233e-07,3.257115288069e-06
brae,85,1,2,-4.067556624417e-06,-7.736456384094e-06
brae,85,1,3,-8.018113428221e-07,-3.617980231037e-06
brae,85,1,4,-9.751862691789e-06,-6.096612965694e-06
brae,85,1,5,-3.685210607946e-06,-3.321349216000e-06
brae,85,1,6,-8.371331295876e-06,4.968723983965e-06
brae,85,1,7,-2.366799463976e-06,3.150984898216e-06
brae,85,1,8,9.784727029163e-07,-6.423761860967e-06
brae,85,1,9,1.908891409325e-06,6.748325185845e-06
brae,86,1,0,-5.354696301861e-07,1.126191638081e-07
brae,86,1,1,1.103080748414e-06,9.123070320703e-07
brae,86,1,2,-4.951723068314e-06,-1.178584497994e-06
brae,86,1,3,-1.215294797798e-06,-1.324651133008e-06
brae,86,1,4,-1.044861845930e-05,-2.231529909282e-06
brae,86,1,5,-4.064793375489e-06,-1.467767401067e-06
brae,86,1,6,-7.803477126280e-06,-1.181656287043e-06
brae,86,1,7,-2.006686904180e-06,1.638587869415e-06
brae,86,1,8,4.074716486081e-07,4.508070946294e-07
brae,86,1,9,2.508742536956e-06,1.498889102453e-06
brae,87,0,0,4.125777837333e-06,-3.324717072561e-06
brae,87,0,1,-2.999440558253e-06,3.437336236369e-06
brae,87,0,2,6.210595637534e-06,5.833070775416e-06
brae,87,0,3,1.343063568796e-06,-4.920763743345e-06
brae,87,0,4,-7.128402502572e-06,-3.617545815471e-06
brae,87,0,5,-6.657467933006e-06,2.438961317476e-06
brae,87,0,6,6.968053843276e-06,8.172309167006e-06
brae,87,0,7,-6.959019207604e-06,-9.496960300013e-06
brae,87,0,8,-2.312362176854e-05,6.218348052114e-06
brae,87,0,9,-1.250239687354e-05,-8.449877961397e-06
brae,87,0,10,2.533672837817e-06,2.107657602791e-06
brae,87,0,11,-1.670489618882e-05,-3.575425003858e-06
brae,87,0,12,-1.055019073171e-05,1.067252252610e-05
brae,87,0,13,-2.094315652061e-05,-1.185417881314e-05
brae,87,0,14,1.489257106605e-06,-2.080663304520e-06
brae,87,0,15,-3.673916994856e-06,3.719251173934e-06
brae,87,0,16,1.915530719064e-05,6.761655264395e-06
brae,87,0,17,-8.365077425292e-06,-6.310848169766e-06
brae,87,0,18,8.480045745628e-06,-9.699106440357e-07
brae,87,0,19,1.098549334859e-05,2.468799746489e-06
brae,88,0,0,3.460834422821e-06,-3.271277486224e-07
brae,88,0,1,-2.082817561888e-06,2.065801636368e-06
brae,88,0,2,7.766081177645e-06,2.733546236180e-06
brae,88,0,3,3.589108201273e-07,-9.481808565604e-07
brae,88,0,4,-7.707209833047e-06,9.427537422725e-08
brae,88,0,5,-6.169675669511e-06,7.700941705069e-07
brae,88,0,6,8.602515676677e-06,2.579757509563e-06
brae,88,0,7,-8.478532855606e-06,-1.821150975888e-06
brae,88,0,8,-2.212868608021e-05,6.824902918439e-07
brae,88,0,9,-1.419237246582e-05,-2.156551882516e-06
brae,88,0,10,2.955204358376e-06,-6.221828998412e-07
brae,88,0,11,-1.727696418943e-05,-1.217986940386e-06
brae,88,0,12,-8.842587127529e-06,1.660158466182e-06
brae,88,0,13,-2.331399228324e-05,-3.779076118798e-06
brae,88,0,14,1.073124445702e-06,-1.925542418190e-06
brae,88,0,15,-3.078836807027e-06,8.482287279754e-08
brae,88,0,16,2.005686122589e-05,2.050198949892e-06
brae,88,0,17,-9.374813132455e-06,-2.886637064374e-06
brae,88,0,18,8.324860042582e-06,-1.290677197342e-06
brae,88,0,19,1.131466664812e-05,9.336544340815e-07
brae,89,0,0,8.742724245279e-01,-7.344610824944e-07
brae,89,0,1,6.243466057312e-01,-7.990271780078e-08
brae,89,0,2,3.756533179104e-01,7.151705513226e-07
brae,89,0,3,1.257280235653e-01,-1.075484491542e-06
brae,89,0,4,8.727423579193e-01,-3.841088228203e-08
brae,89,0,5,6.231139948525e-01,3.293910550729e-07
brae,89,0,6,3.768860396054e-01,-4.360803250246e-07
brae,89,0,7,1.272577008663e-01,1.741673387126e-07
brae,89,0,8,8.663253318053e-01,4.188246680448e-07
brae,89,0,9,6.184813055451e-01,-5.164158843759e-07
brae,89,0,10,3.815187087119e-01,4.746442968453e-07
brae,89,0,11,1.336746153283e-01,-3.013253717542e-07
brae,89,0,12,8.404034143866e-01,2.927067141852e-07
brae,89,0,13,6.029666703949e-01,7.080585371560e-08
brae,89,0,14,3.970333490131e-01,-4.047638210730e-07
brae,89,0,15,1.595963657381e-01,6.842793515148e-07
brae,89,0,16,7.327253624395e-01,-7.681017218778e-08
brae,89,0,17,5.559486834405e-01,-1.379243176280e-07
brae,89,0,18,4.440512464438e-01,3.488631018829e-07
brae,89,0,19,2.672745486283e-01,3.204119894072e-07
brae,90,0,0,8.742724245279e-01,-7.344610824944e-07
brae,90,0,1,6.243466057312e-01,-7.990271780078e-08
brae,90,0,2,3.756533179104e-01,7.151705513226e-07
brae,90,0,3,1.257280235653e-01,-1.075484491542e-06
brae,90,0,4,8.727423579193e-01,-3.841088228203e-08
brae,90,0,5,6.231139948525e-01,3.293910550729e-07
brae,90,0,6,3.768860396054e-01,-4.360803250246e-07
brae,90,0,7,1.272577008663e-01,1.741673387126e-07
brae,90,0,8,8.663253318053e-01,4.188246680448e-07
brae,90,0,9,6.184813055451e-01,-5.164158843759e-07
brae,90,0,10,3.815187087119e-01,4.746442968453e-07
brae,90,0,11,1.336746153283e-01,-3.013253717542e-07
brae,90,0,12,8.404034143866e-01,2.927067141852e-07
brae,90,0,13,6.029666703949e-01,7.080585371560e-08
brae,90,0,14,3.970333490131e-01,-4.047638210730e-07
brae,90,0,15,1.595963657381e-01,6.842793515148e-07
brae,90,0,16,7.327253624395e-01,-7.681017218778e-08
brae,90,0,17,5.559486834405e-01,-1.379243176280e-07
brae,90,0,18,4.440512464438e-01,3.488631018829e-07
brae,90,0,19,2.672745486283e-01,3.204119894072e-07
brae,91,0,0,-1.468922164989e-07,-1.743453490775e-07
brae,91,0,1,-2.130739141354e-08,9.371759797491e-08
brae,91,0,2,1.907121470194e-07,-1.805862444623e-07
brae,91,0,3,-2.150968983083e-07,3.482022905060e-09
brae,91,0,4,-6.145741165125e-09,-2.168423505352e-08
brae,91,0,5,6.587821101459e-08,-1.520741634442e-07
brae,91,0,6,-8.721606500492e-08,2.921699265921e-07
brae,91,0,7,2.786677419402e-08,-3.156915550514e-07
brae,91,0,8,6.701194688717e-08,2.116908983829e-08
brae,91,0,9,-1.032831768752e-07,1.386970111387e-07
brae,91,0,10,9.492885936906e-08,-2.247352062063e-07
brae,91,0,11,-4.821205948066e-08,1.720152554546e-07
brae,91,0,12,4.683307426964e-08,1.294731041756e-07
brae,91,0,13,1.416117074312e-08,-1.453095868975e-07
brae,91,0,14,-8.095276421461e-08,1.934400584412e-07
brae,91,0,15,1.094846962424e-07,5.041264519531e-08
brae,91,0,16,-1.024135629170e-08,9.403149011593e-09
brae,91,0,17,-2.206789082049e-08,3.215304722707e-08
brae,91,0,18,5.581809630126e-08,9.473563929106e-09
brae,91,0,19,4.272159858763e-08,2.293851904251e-07
brae,92,0,0,-1.468922164989e-07,-1.743453490775e-07
brae,92,0,1,-2.130739141354e-08,9.371759797491e-08
brae,92,0,2,1.907121470194e-07,-1.805862444623e-07
brae,92,0,3,-2.150968983083e-07,3.482022905060e-09
brae,92,0,4,-6.145741165125e-09,-2.168423505352e-08
brae,92,0,5,6.587821101459e-08,-1.520741634442e-07
brae,92,0,6,-8.721606500492e-08,2.921699265921e-07
brae,92,0,7,2.786677419402e-08,-3.156915550514e-07
brae,92,0,8,6.701194688717e-08,2.116908983829e-08
brae,92,0,9,-1.032831768752e-07,1.386970111387e-07
brae,92,0,10,9.492885936906e-08,-2.247352062063e-07
brae,92,0,11,-4.821205948066e-08,1.720152554546e-07
brae,92,0,12,4.683307426964e-08,1.294731041756e-07
brae,92,0,13,1.416117074312e-08,-1.453095868975e-07
brae,92,0,14,-8.095276421461e-08,1.934400584412e-07
brae,92,0,15,1.094846962424e-07,5.041264519531e-08
brae,92,0,16,-1.024135629170e-08,9.403149011593e-09
brae,92,0,17,-2.206789082049e-08,3.215304722707e-08
brae,92,0,18,5.581809630126e-08,9.473563929106e-09
brae,92,0,19,4.272159858763e-08,2.293851904251e-07
brae,93,1,0,0.000000000000e+00,-8.062775110263e-08
brae,93,1,1,0.000000000000e+00,-1.771042215572e-07
brae,93,1,2,0.000000000000e+00,-1.737583984977e-07
brae,93,1,3,0.000000000000e+00,-2.352162845928e-08
brae,93,1,4,0.000000000000e+00,1.598661009770e-07
brae,93,1,5,0.000000000000e+00,-5.271995075172e-08
brae,93,1,6,0.000000000000e+00,-1.583648272189e-08
brae,93,1,7,0.000000000000e+00,2.438527036365e-07
brae,93,1,8,0.000000000000e+00,4.155619623866e-08
brae,93,1,9,0.000000000000e+00,2.388587543542e-07
brae,94,1,0,-1.290044017642e-08,-8.417843104058e-08
brae,94,1,1,-2.833667544915e-08,-5.369765670713e-08
brae,94,1,2,-1.985810268545e-08,-2.669992308155e-08
brae,94,1,3,-2.688186109632e-09,-9.328605373315e-08
brae,94,1,4,1.827041154023e-08,-1.738788988355e-08
brae,94,1,5,-6.025137228768e-09,5.808781000182e-08
brae,94,1,6,-1.809883739645e-09,6.863017517189e-08
brae,94,1,7,2.786888041560e-08,7.737416108197e-08
brae,94,1,8,3.693884110103e-09,2.592336104437e-08
brae,94,1,9,2.123188927593e-08,1.072033958121e-07
brae,95,1,0,-1.290044017642e-08,-8.417843104058e-08
brae,95,1,1,-2.833667544915e-08,-5.369765670713e-08
brae,95,1,2,-1.985810268545e-08,-2.669992308155e-08
brae,95,1,3,-2.688186109632e-09,-9.328605373315e-08
brae,95,1,4,1.827041154023e-08,-1.738788988355e-08
brae,95,1,5,-6.025137228768e-09,5.808781000182e-08
brae,95,1,6,-1.809883739645e-09,6.863017517189e-08
brae,95,1,7,2.786888041560e-08,7.737416108197e-08
brae,95,1,8,3.693884110103e-09,2.592336104437e-08
brae,95,1,9,2.123188927593e-08,1.072033958121e-07
brae,96,2,0,0.000000000000e+00,-1.108783541221e-07
brae,96,2,1,0.000000000000e+00,-1.469837104403e-07
brae,96,2,2,0.000000000000e+00,5.124228528834e-08
brae,96,2,3,0.000000000000e+00,1.354619710838e-07
brae,96,2,4,0.000000000000e+00,1.331267568565e-07
brae,97,2,0,-1.108783541221e-08,-4.337364726635e-08
brae,97,2,1,-1.469837104403e-08,-2.989849753908e-08
brae,97,2,2,4.099382823067e-09,2.305937729230e-08
brae,97,2,3,1.083695768670e-08,1.920709346049e-08
brae,97,2,4,6.656337842825e-09,5.649803239084e-08
brae,98,2,0,-1.108783541221e-08,-4.337364726635e-08
brae,98,2,1,-1.469837104403e-08,-2.989849753908e-08
brae,98,2,2,4.099382823067e-09,2.305937729230e-08
brae,98,2,3,1.083695768670e-08,1.920709346049e-08
brae,98,2,4,6.656337842825e-09,5.649803239084e-08
brae,99,3,0,0.000000000000e+00,-7.327214480542e-08
brae,99,3,1,0.000000000000e+00,9.876450314363e-08
brae,100,3,0,-5.012770083660e-09,0.000000000000e+00
brae,100,3,1,3.279725950374e-09,0.000000000000e+00
brae,101,2,0,-1.610060549587e-08,-6.737574863636e-09
brae,101,2,1,-1.971114112769e-08,6.737574863636e-09
brae,101,2,2,7.379108773442e-09,-6.644518577269e-09
brae,101,2,3,1.411668363708e-08,-1.049680240908e-08
brae,101,2,4,9.936063793200e-09,1.714132098635e-08
brae,102,2,0,-1.677436298224e-08,-1.063122972363e-09
brae,102,2,1,-1.903738364132e-08,-1.679488385453e-09
brae,102,2,2,6.847547287260e-09,-2.641774974999e-09
brae,102,2,3,1.327693944435e-08,-1.008363828168e-10
brae,102,2,4,1.079312984252e-08,6.856528394540e-10
brae,103,1,0,-2.967480315866e-08,-5.289272573520e-08
brae,103,1,1,-4.737405909048e-08,-1.335986876539e-08
brae,103,1,2,-3.663246566769e-08,5.182960276283e-08
brae,103,1,3,-2.172556975096e-08,1.168038037994e-08
brae,103,1,4,2.511795882749e-08,-7.189741283998e-08
brae,103,1,5,7.251802215584e-09,-3.952410721532e-08
brae,103,1,6,5.037663547616e-09,6.925563786498e-08
brae,103,1,7,4.114581985995e-08,3.942327083251e-08
brae,103,1,8,1.448701395262e-08,-4.672658312125e-08
brae,103,1,9,3.202501911844e-08,4.741223596070e-08
brae,104,1,0,-3.813763927629e-08,-8.693578037114e-10
brae,104,1,1,-4.951163809294e-08,-8.465008641009e-09
brae,104,1,2,-3.070908249480e-08,-2.165854543127e-08
brae,104,1,3,-2.039066913611e-08,-5.049780405259e-09
brae,104,1,4,1.690111164578e-08,8.780103036610e-09
brae,104,1,5,2.734761390976e-09,-4.440834061932e-09
brae,104,1,6,1.295259358933e-08,-6.383998234300e-09
brae,104,1,7,4.565133652652e-08,1.519434450757e-08
brae,104,1,8,1.033353989740e-08,1.069896443346e-08
brae,104,1,9,3.623944009273e-08,1.434000647006e-08
brae,105,0,0,-1.850298557752e-07,-9.064151374346e-08
brae,105,0,1,-5.944503068983e-08,8.977215593975e-08
brae,105,0,2,1.412005089264e-07,-1.400912766888e-07
brae,105,0,3,-2.646085364013e-07,1.316262680478e-07
brae,105,0,4,-3.685482365992e-08,7.991556729515e-08
brae,105,0,5,3.516912851979e-08,-1.015741127264e-07
brae,105,0,6,-1.076067341410e-07,2.758559748037e-07
brae,105,0,7,7.476105057915e-09,-2.809057552089e-07
brae,105,0,8,8.391305853295e-08,-6.419184565030e-08
brae,105,0,9,-8.638206522940e-08,7.297194868691e-08
brae,105,0,10,9.766362076003e-08,-1.907777113431e-07
brae,105,0,11,-4.547729808969e-08,1.863368772811e-07
brae,105,0,12,5.978566785896e-08,1.048973813615e-07
brae,105,0,13,2.711376433245e-08,-1.112813795958e-07
brae,105,0,14,-3.530142768808e-08,1.084128439347e-07
brae,105,0,15,1.551360327689e-07,-9.321849942708e-08
brae,105,0,16,9.218360569459e-11,-2.931195688607e-08
brae,105,0,17,-1.173435092309e-08,4.001092131953e-08
brae,105,0,18,9.205753639399e-08,-7.949932001788e-08
brae,105,0,19,7.896103868035e-08,9.383932648795e-08
brae,106,0,0,-2.031581585239e-07,1.859742960247e-08
brae,106,0,1,-3.550578910590e-08,-5.784636788970e-08
brae,106,0,2,1.038428351427e-07,7.741743481646e-08
brae,106,0,3,-2.382832827917e-07,-5.597734100755e-08
brae,106,0,4,-2.406833289270e-08,-3.273070713900e-08
brae,106,0,5,1.485430597451e-08,8.617649450399e-08
brae,106,0,6,-5.243553918030e-08,-8.560176447027e-08
brae,106,0,7,-3.746881577551e-08,5.512919789348e-08
brae,106,0,8,7.364236322891e-08,3.132609239239e-08
brae,106,0,9,-7.178767549202e-08,-7.640294629972e-08
brae,106,0,10,5.950807849142e-08,8.310651158141e-08
brae,106,0,11,-1.566339772471e-08,-6.074804755415e-08
brae,106,0,12,7.656924887680e-08,-1.545575586905e-08
brae,106,0,13,4.857488413288e-09,3.720601103412e-08
brae,106,0,14,-1.361885890115e-08,-6.636410051204e-08
brae,106,0,15,1.402210728606e-07,4.536467946489e-08
brae,106,0,16,-3.816077312448e-09,1.732293705175e-08
brae,106,0,17,-5.332603511965e-09,-3.088224377626e-08
brae,106,0,18,7.933764519113e-08,2.469636239287e-08
brae,106,0,19,9.147294887875e-08,-8.866985813606e-09
brae,107,0,0,8.742722092627e-01,6.277939144821e-08
brae,107,0,1,6.243465680282e-01,-5.578674472984e-08
brae,107,0,2,3.756534288449e-01,3.698926640899e-08
brae,107,0,3,1.257277707735e-01,6.186603472095e-09
brae,107,0,4,8.727423318021e-01,-3.133050198273e-08
brae,107,0,5,6.231140101901e-01,7.199197581685e-08
brae,107,0,6,3.768859847225e-01,-6.738028439608e-08
brae,107,0,7,1.272576604356e-01,5.064995086475e-08
brae,107,0,8,8.663254082272e-01,1.381229084955e-08
brae,107,0,9,6.184812281996e-01,-4.874024409813e-08
brae,107,0,10,3.815187720389e-01,5.664109492404e-08
brae,107,0,11,1.336745973320e-01,-3.992925830826e-08
brae,107,0,12,8.404034949466e-01,-3.294410552132e-08
brae,107,0,13,6.029666736017e-01,4.025595455549e-08
brae,107,0,14,3.970333345429e-01,-4.705978279104e-08
brae,107,0,15,1.595965142560e-01,7.158343490798e-09
brae,107,0,16,7.327253599601e-01,1.216003485707e-08
brae,107,0,17,5.559486769738e-01,-2.009220971499e-08
brae,107,0,18,4.440513312151e-01,2.004839484596e-09
brae,107,0,19,2.672746465637e-01,-3.391102766882e-08
